AFSKEY,STAD,DISPETAD,ATAD,FLIGHTNO,TAILNO,AIRCRAFT TYPE,LEG,STATION,REMARK,CATEGORY,OPERATOR,BAY,GATE,CIC DESK,RECLAIM,P.PAX
15303466,"Jun 9, 2026, 12:05:00 AM","Jun 9, 2026, 12:05:00 AM","Jun 9, 2026, 12:12:00 AM",OD 0297,9MLNV,73H,D,CMB,FDP,I,OD,C021,C21/C23,"E02-E18,F01-F03",,130
15306009,"Jun 9, 2026, 12:05:00 AM","Jun 9, 2026, 12:05:00 AM","Jun 9, 2026, 12:18:00 AM",OD 0396,9MLDC,73H,D,CGK,FDP,I,OD,B002R,H02,"E02-E18,F01-F03",,130
15303286,"Jun 9, 2026, 12:05:00 AM","Jun 9, 2026, 12:05:00 AM","Jun 9, 2026, 1:37:00 AM",OD 0191,9MLCV,73H,D,PER,FDP,I,OD,A004R,G04/G06,"E02-E18,F01-F03",,110
15303226,"Jun 9, 2026, 12:15:00 AM","Jun 9, 2026, 12:15:00 AM","Jun 9, 2026, 12:32:00 AM",CA 0872,B1397,7M8,D,PEK,FDP,I,CA,C016,C16/C17,M01-M04,,103
15303207,"Jun 9, 2026, 12:20:00 AM","Jun 9, 2026, 12:20:00 AM","Jun 9, 2026, 12:19:00 AM",3U 3994,B302Q,32Q,D,TFU,FDP,I,3U,C013,C11/C13,"A09-A12, A09-A14",,182
15303280,"Jun 9, 2026, 12:40:00 AM","Jun 9, 2026, 12:40:00 AM","Jun 9, 2026, 1:03:00 AM",MU 2970,B32GN,32N,D,NKG,FDP,I,MU,C025,C25,A01-A08,,126
15303609,"Jun 9, 2026, 1:20:00 AM","Jun 9, 2026, 1:20:00 AM","Jun 9, 2026, 1:51:00 AM",CZ 5036,B20D6,7M8,D,CAN,FDP,I,CZ,C035,C35,K01-K08,,161
15303196,"Jun 9, 2026, 1:55:00 AM","Jun 9, 2026, 1:55:00 AM","Jun 9, 2026, 1:58:00 AM",FM 0862,B1260,7M8,D,PVG,FDP,I,FM,C021,C21/C23,A01-A08,,133
15303429,"Jun 9, 2026, 2:00:00 AM","Jun 9, 2026, 2:00:00 AM","Jun 9, 2026, 2:01:00 AM",QR 0849,A7BEF,77W,D,DOH,FDP,I,QR,C004,C02/C04,L08-L13,,315
15303201,"Jun 9, 2026, 2:15:00 AM","Jun 9, 2026, 2:15:00 AM","Jun 9, 2026, 2:48:00 AM",PR 0530,RPC9926,321,D,MNL,FDP,I,PR,C013,C11/C13,J01-J04,,144
15303526,"Jun 9, 2026, 2:15:00 AM","Jun 9, 2026, 2:15:00 AM","Jun 9, 2026, 2:26:00 AM",SV 0841,HZAR25,78X,D,JED,FDP,I,SV,C001,C01/C03,K13-K18,,248
15303612,"Jun 9, 2026, 2:15:00 AM","Jun 9, 2026, 2:15:00 AM","Jun 9, 2026, 2:29:00 AM",EK 0343,A6EEK,388,D,DXB,FDP,I,EK,C037,C36/C37,C01-C12,,441
15303194,"Jun 9, 2026, 2:45:00 AM","Jun 9, 2026, 2:45:00 AM","Jun 9, 2026, 4:14:00 AM",CX 0732,BHPP,32Q,D,HKG,FDP,I,CX,C012,C12/C14,G10-G15,,155
15303206,"Jun 9, 2026, 3:05:00 AM","Jun 9, 2026, 3:05:00 AM",,ZH 0332,,320,D,SZX,DCL,I,ZH,,-,M01-M04,,138
15304185,"Jun 9, 2026, 3:10:00 AM","Jun 9, 2026, 3:10:00 AM","Jun 9, 2026, 3:34:00 AM",CZ 5050,B305D,32N,D,CSX,FDP,I,CZ,C035,C35,K01-K08,,137
15303193,"Jun 9, 2026, 4:15:00 AM","Jun 9, 2026, 4:15:00 AM","Jun 9, 2026, 4:23:00 AM",BG 0387,S2AFM,738,D,DAC,FDP,I,BG,A006L,G04/G06,M11-M14,,152
15303200,"Jun 9, 2026, 4:30:00 AM","Jun 9, 2026, 4:30:00 AM","Jun 9, 2026, 4:21:00 AM",MU 2566,B7876,738,D,WUH,FDP,I,MU,C021,C21/C23,A01-A08,,146
15304107,"Jun 9, 2026, 4:30:00 AM","Jun 9, 2026, 4:30:00 AM","Jun 9, 2026, 4:40:00 AM",MH 8582,9MMLQ,73H,D,KBR,FDP,D,MH,B005,-,B09-B16,,111
15304486,"Jun 9, 2026, 4:30:00 AM","Jun 9, 2026, 4:30:00 AM","Jun 9, 2026, 5:01:00 AM",MH 8562,9MMXA,73H,D,AOR,FDP,D,MH,B007,-,B09-B16,,110
15303992,"Jun 9, 2026, 5:00:00 AM","Jun 9, 2026, 5:00:00 AM","Jun 9, 2026, 5:02:00 AM",AK 0112,9MRAG,32A,D,CAN,FDP,I,AK,Q005,Q05,"U08-U11,V08-V11,W08-W11,X08-X11,Y11",,155
15303192,"Jun 9, 2026, 5:45:00 AM","Jun 9, 2026, 5:45:00 AM","Jun 9, 2026, 6:23:00 AM",6E 1032,VTIFQ,320,D,MAA,FDP,I,6E,C003,C01/C03,C09-C12,,155
15304058,"Jun 9, 2026, 6:00:00 AM","Jun 9, 2026, 6:00:00 AM","Jun 9, 2026, 6:37:00 AM",MH 0847,9MMXV,73H,D,UPG,FDP,I,MH,B004L,H04/H06,H01-H18,,133
15303582,"Jun 9, 2026, 6:00:00 AM","Jun 9, 2026, 6:00:00 AM","Jun 9, 2026, 6:04:00 AM",AK 0890,9MAQQ,32A,D,DMK,FDP,I,AK,K001,L01,"U08-U11,V08-V11,W08-W11,X08-X11,Y11",,150
15304079,"Jun 9, 2026, 6:00:00 AM","Jun 9, 2026, 6:00:00 AM","Jun 9, 2026, 6:13:00 AM",AK 5744,9MAQZ,32A,D,TWU,FDP,D,AK,J015,J15,"S08-S14,T08-T14",,166
15304164,"Jun 9, 2026, 6:00:00 AM","Jun 9, 2026, 6:00:00 AM","Jun 9, 2026, 6:21:00 AM",AK 5246,9MAQA,320,D,BTU,FDP,D,AK,K014,K14,"S08-S14,T08-T14",,139
15304157,"Jun 9, 2026, 6:00:00 AM","Jun 9, 2026, 6:00:00 AM","Jun 9, 2026, 6:21:00 AM",AK 5108,9MAQG,320,D,BKI,FDP,D,AK,J007,J07,"S08-S14,T08-T14",,158
15303558,"Jun 9, 2026, 6:10:00 AM","Jun 9, 2026, 6:10:00 AM","Jun 9, 2026, 6:25:00 AM",AK 0011,9MRAJ,32N,D,MAA,FDP,I,AK,P003,P03,"U08-U11,V08-V11,W08-W11,X08-X11,Y11",,146
15303572,"Jun 9, 2026, 6:10:00 AM","Jun 9, 2026, 6:10:00 AM","Jun 9, 2026, 6:15:00 AM",AK 0701,9MVAE,32Q,D,SIN,FDP,I,AK,P007,P07,"U08-U11,V08-V11,W08-W11,X08-X11,Y11",,141
15303650,"Jun 9, 2026, 6:10:00 AM","Jun 9, 2026, 6:10:00 AM","Jun 9, 2026, 6:10:00 AM",AK 0126,9MVAH,32Q,D,SZX,FDP,I,AK,P015,P15,"U08-U11,V08-V11,W08-W11,X08-X11,Y11",,138
15303584,"Jun 9, 2026, 6:15:00 AM","Jun 9, 2026, 6:15:00 AM","Jun 9, 2026, 6:17:00 AM",AK 5192,9MAJG,32A,D,SDK,FDP,D,AK,J009,J09,"S08-S14,T08-T14",,163
15304169,"Jun 9, 2026, 6:25:00 AM","Jun 9, 2026, 6:25:00 AM","Jun 9, 2026, 6:39:00 AM",AK 5876,9MAGI,32N,D,SBW,FDP,D,AK,J001,J01,"S08-S14,T08-T14",,160
15304166,"Jun 9, 2026, 6:30:00 AM","Jun 9, 2026, 6:30:00 AM","Jun 9, 2026, 6:41:00 AM",AK 5651,9MRAO,32A,D,MYY,FDP,D,AK,K016,K16,"S08-S14,T08-T14",,165
15304198,"Jun 9, 2026, 6:30:00 AM","Jun 9, 2026, 6:30:00 AM","Jun 9, 2026, 6:45:00 AM",FY 2720,9MMLH,73H,D,KBR,FDP,D,FY,B013,-,F12-F13,,149
15304176,"Jun 9, 2026, 6:40:00 AM","Jun 9, 2026, 6:40:00 AM","Jun 9, 2026, 6:43:00 AM",AK 6124,9MRAH,32N,D,PEN,FDP,D,AK,J022,J22,"S08-S14,T08-T14",,148
15303215,"Jun 9, 2026, 6:50:00 AM","Jun 9, 2026, 6:50:00 AM","Jun 9, 2026, 7:26:00 AM",AI 2385,VTCIQ,32N,D,DEL,FDP,I,AI,C025,C25,L09-L13,,130
15304192,"Jun 9, 2026, 6:50:00 AM","Jun 9, 2026, 6:50:00 AM","Jun 9, 2026, 6:58:00 AM",FY 2530,9MMLI,73H,D,BKI,FDP,D,FY,B019,-,F12-F13,,152
15304491,"Jun 9, 2026, 7:00:00 AM","Jun 9, 2026, 7:00:00 AM","Jun 9, 2026, 7:16:00 AM",OD 0520,9MLRG,7M8,D,DMK,FDP,I,OD,A008L,G08/G10,"E02-E18,F01-F03",,129
15304129,"Jun 9, 2026, 7:00:00 AM","Jun 9, 2026, 7:00:00 AM","Jun 9, 2026, 7:03:00 AM",AK 0380,9MAQP,320,D,CGK,FDP,I,AK,Q021,Q21,"U08-U11,V08-V11,W08-W11,X08-X11,Y11",,145
15304100,"Jun 9, 2026, 7:00:00 AM","Jun 9, 2026, 7:00:00 AM","Jun 9, 2026, 7:03:00 AM",AK 5202,9MDAE,320,D,KCH,FDP,D,AK,J017,J17,"S08-S14,T08-T14",,154
15303653,"Jun 9, 2026, 7:05:00 AM","Jun 9, 2026, 7:05:00 AM","Jun 9, 2026, 7:29:00 AM",AK 0520,9MAGG,32N,D,SGN,FDP,I,AK,Q011,Q11,"U08-U11,V08-V11,W08-W11,X08-X11,Y11",,148
15303198,"Jun 9, 2026, 7:05:00 AM","Jun 9, 2026, 7:05:00 AM","Jun 9, 2026, 7:47:00 AM",FM 0864,B224D,7M8,D,PVG,FDP,I,FM,C012,C12/C14,A01-A08,,189
15304145,"Jun 9, 2026, 7:10:00 AM","Jun 9, 2026, 7:10:00 AM","Jun 9, 2026, 7:21:00 AM",AK 0552,9MAQN,320,D,VTE,FDP,I,AK,Q013,Q13,"U08-U11,V08-V11,W08-W11,X08-X11,Y11",,133
15308568,"Jun 9, 2026, 7:10:00 AM","Jun 9, 2026, 7:10:00 AM","Jun 9, 2026, 7:18:00 AM",TR 0457,9VTRP,32A,D,SIN,FDP,I,TR,P009,P09,Z01-Z06,,141
15303591,"Jun 9, 2026, 7:15:00 AM","Jun 9, 2026, 7:15:00 AM","Jun 9, 2026, 7:20:00 AM",AK 6048,9MAQD,320,D,JHB,FDP,D,AK,K022L,K22,"S08-S14,T08-T14",,151
15304093,"Jun 9, 2026, 7:15:00 AM","Jun 9, 2026, 7:15:00 AM","Jun 9, 2026, 7:27:00 AM",AK 0138,9MAJK,32A,D,HKG,FDP,I,AK,Q019,Q19,"U08-U11,V08-V11,W08-W11,X08-X11,Y11",,122
15304101,"Jun 9, 2026, 7:15:00 AM","Jun 9, 2026, 7:15:00 AM","Jun 9, 2026, 7:21:00 AM",AK 6430,9MRAT,320,D,KBR,FDP,D,AK,J008,J08,"S08-S14,T08-T14",,164
15303559,"Jun 9, 2026, 7:15:00 AM","Jun 9, 2026, 7:15:00 AM","Jun 9, 2026, 7:23:00 AM",AK 5104,9MAGL,32N,D,BKI,FDP,D,AK,K014,K14,"S08-S14,T08-T14",,160
15304180,"Jun 9, 2026, 7:15:00 AM","Jun 9, 2026, 7:15:00 AM","Jun 9, 2026, 9:24:00 AM",AK 6224,9MAGE,32N,D,TGG,FDP,D,AK,J022,J22,"S08-S14,T08-T14",,153
15304172,"Jun 9, 2026, 7:15:00 AM","Jun 9, 2026, 7:15:00 AM","Jun 9, 2026, 7:58:00 AM",AK 6020,9MAGU,32A,D,AOR,FDP,D,AK,J013,J13,"S08-S14,T08-T14",,145
15304136,"Jun 9, 2026, 7:15:00 AM","Jun 9, 2026, 7:15:00 AM","Jun 9, 2026, 7:16:00 AM",AK 0442,9MAFE,320,D,BDJ,FDP,I,AK,K007,L07,"U08-U11,V08-V11,W08-W11,X08-X11,Y11",,144
15304120,"Jun 9, 2026, 7:15:00 AM","Jun 9, 2026, 7:15:00 AM","Jun 9, 2026, 7:12:00 AM",AK 0156,9MAGS,32N,D,KWL,FDP,I,AK,P005,P05,"U08-U11,V08-V11,W08-W11,X08-X11,Y11",,137
15303978,"Jun 9, 2026, 7:15:00 AM","Jun 9, 2026, 7:15:00 AM","Jun 9, 2026, 7:28:00 AM",MH 2660,9MMLR,73H,D,TWU,FDP,D,MH,A005,-,B09-B16,,141
15303281,"Jun 9, 2026, 7:15:00 AM","Jun 9, 2026, 7:15:00 AM","Jun 9, 2026, 7:31:00 AM",NH 0816,JA874A,788,D,NRT,FDP,I,NH,C032,C32/C34,K01-K06,,182
15304132,"Jun 9, 2026, 7:20:00 AM","Jun 9, 2026, 7:20:00 AM","Jun 9, 2026, 7:46:00 AM",AK 0403,9MAGQ,32N,D,PDG,FDP,I,AK,K009,L09,"U08-U11,V08-V11,W08-W11,X08-X11,Y11",,134
15304147,"Jun 9, 2026, 7:20:00 AM","Jun 9, 2026, 7:20:00 AM","Jun 9, 2026, 7:35:00 AM",AK 0703,9MAJE,32A,D,SIN,FDP,I,AK,P019,P19,"U08-U11,V08-V11,W08-W11,X08-X11,Y11",,139
15304291,"Jun 9, 2026, 7:20:00 AM","Jun 9, 2026, 7:20:00 AM","Jun 9, 2026, 7:35:00 AM",MH 0713,9MMVQ,7M8,D,CGK,FDP,I,MH,C023,C21/C23,H01-H18,,130
15303455,"Jun 9, 2026, 7:20:00 AM","Jun 9, 2026, 7:20:00 AM","Jun 9, 2026, 7:52:00 AM",OD 1632,9MLDH,73H,D,KCH,FDP,D,OD,B002R,H02,F01-F03,,152
15303488,"Jun 9, 2026, 7:30:00 AM","Jun 9, 2026, 7:30:00 AM","Jun 9, 2026, 7:54:00 AM",OD 1002,9MLNZ,73H,D,BKI,FDP,D,OD,B007,-,F01-F03,,160
15304134,"Jun 9, 2026, 7:35:00 AM","Jun 9, 2026, 7:35:00 AM","Jun 9, 2026, 7:48:00 AM",AK 0423,9MAHX,320,D,BTJ,FDP,I,AK,Q015,Q15,"U08-U11,V08-V11,W08-W11,X08-X11,Y11",,137
15304109,"Jun 9, 2026, 7:35:00 AM","Jun 9, 2026, 7:35:00 AM","Jun 9, 2026, 7:45:00 AM",OD 0382,9MLDD,738,D,CGK,FDP,I,OD,A004R,G04/G06,"E02-E18,F01-F03",,122
15304151,"Jun 9, 2026, 7:35:00 AM","Jun 9, 2026, 7:35:00 AM","Jun 9, 2026, 7:39:00 AM",AK 0818,9MAGO,32N,D,HKT,FDP,I,AK,K003,L03,"U08-U11,V08-V11,W08-W11,X08-X11,Y11",,140
15304175,"Jun 9, 2026, 7:45:00 AM","Jun 9, 2026, 7:45:00 AM","Jun 9, 2026, 7:44:00 AM",AK 6114,9MAQH,320,D,PEN,FDP,D,AK,J014,J14,"S08-S14,T08-T14",,149
15304127,"Jun 9, 2026, 7:45:00 AM","Jun 9, 2026, 7:45:00 AM","Jun 9, 2026, 8:00:00 AM",AK 0370,9MAGP,32A,D,DPS,FDP,I,AK,Q017,Q17,"U08-U11,V08-V11,W08-W11,X08-X11,Y11",,152
15304249,"Jun 9, 2026, 7:50:00 AM","Jun 9, 2026, 7:50:00 AM","Jun 9, 2026, 7:59:00 AM",MH 0601,9MMXG,73H,D,SIN,FDP,I,MH,A010R,G08/G10,H01-H18,,100
15306532,"Jun 9, 2026, 8:00:00 AM","Jun 9, 2026, 8:00:00 AM","Jun 9, 2026, 8:08:00 AM",AK 5742,9MAQO,320,D,TWU,FDP,D,AK,K004,K04,"S08-S14,T08-T14",,152
15306371,"Jun 9, 2026, 8:00:00 AM","Jun 9, 2026, 8:00:00 AM","Jun 9, 2026, 8:14:00 AM",OD 2302,9MLDT,73H,D,KBR,FDP,D,OD,A002L,G02,F01-F03,,149
15306289,"Jun 9, 2026, 8:00:00 AM","Jun 9, 2026, 8:00:00 AM","Jun 9, 2026, 8:04:00 AM",MF 0824,B20DV,7M8,D,XMN,FDP,I,MF,C015,C15,K09-K12,,144
15306445,"Jun 9, 2026, 8:00:00 AM","Jun 9, 2026, 8:00:00 AM","Jun 9, 2026, 9:00:00 AM",OD 2102,9MLNP,73H,D,PEN,FDP,D,OD,B002L,H02,F01-F03,,104
15306868,"Jun 9, 2026, 8:05:00 AM","Jun 9, 2026, 8:05:00 AM","Jun 9, 2026, 8:13:00 AM",AK 0472,9MRAV,320,D,BTH,FDP,I,AK,Q009,Q09,"U08-U11,V08-V11,W08-W11,X08-X11,Y11",,116
15306837,"Jun 9, 2026, 8:05:00 AM","Jun 9, 2026, 8:05:00 AM","Jun 9, 2026, 8:20:00 AM",MH 2608,9MMXL,73H,D,LBU,FDP,D,MH,B011,G01,B09-B16,,137
15306283,"Jun 9, 2026, 8:05:00 AM","Jun 9, 2026, 8:05:00 AM","Jun 9, 2026, 7:56:00 AM",CZ 0366,B205L,7M8,D,CAN,FDP,I,CZ,C011,C11/C13,J11-J14,,161
15306688,"Jun 9, 2026, 8:05:00 AM","Jun 9, 2026, 8:05:00 AM","Jun 9, 2026, 8:28:00 AM",MH 1138,9MMLK,73H,D,PEN,FDP,D,MH,A007,-,B09-B16,,129
15307136,"Jun 9, 2026, 8:10:00 AM","Jun 9, 2026, 8:10:00 AM","Jun 9, 2026, 8:07:00 AM",AK 0170,9MAJT,32A,D,KHH,FDP,I,AK,P013,P13,"U08-U11,V08-V11,W08-W11,X08-X11,Y11",,169
15307166,"Jun 9, 2026, 8:10:00 AM","Jun 9, 2026, 8:10:00 AM","Jun 9, 2026, 8:09:00 AM",AK 0880,9MAGN,32N,D,DMK,FDP,I,AK,P001,P01,"U08-U11,V08-V11,W08-W11,X08-X11,Y11",,153
15306280,"Jun 9, 2026, 8:10:00 AM","Jun 9, 2026, 8:10:00 AM","Jun 9, 2026, 8:09:00 AM",CX 0730,BHPD,32Q,D,HKG,FDP,I,CX,C006,C06,G10-G15,,159
15307262,"Jun 9, 2026, 8:10:00 AM","Jun 9, 2026, 8:10:00 AM","Jun 9, 2026, 8:23:00 AM",MH 0806,9MMVI,7M8,D,MNL,FDP,I,MH,C002,C02/C04,H01-H18,,144
15306452,"Jun 9, 2026, 8:15:00 AM","Jun 9, 2026, 8:15:00 AM","Jun 9, 2026, 8:33:00 AM",OD 0801,9MLNM,73H,D,SIN,FDP,I,OD,B016,G01,"E02-E18,F01-F03",,141
15306461,"Jun 9, 2026, 8:20:00 AM","Jun 9, 2026, 8:20:00 AM","Jun 9, 2026, 8:26:00 AM",AK 0582,9MAQE,320,D,MNL,FDP,I,AK,P004L,P04,"U08-U11,V08-V11,W08-W11,X08-X11,Y11",,168
15306337,"Jun 9, 2026, 8:30:00 AM","Jun 9, 2026, 8:30:00 AM","Jun 9, 2026, 8:45:00 AM",OD 0366,9MLRU,7M8,D,LOP,FDP,I,OD,B006R,H04/H06,"E02-E18,F01-F03",,133
15306525,"Jun 9, 2026, 8:30:00 AM","Jun 9, 2026, 8:30:00 AM","Jun 9, 2026, 8:36:00 AM",AK 0705,9MVAG,32Q,D,SIN,FDP,I,AK,K013,L13,"U08-U11,V08-V11,W08-W11,X08-X11,Y11",,141
15306537,"Jun 9, 2026, 8:30:00 AM","Jun 9, 2026, 8:30:00 AM","Jun 9, 2026, 8:37:00 AM",AK 6306,9MAJY,320,D,LGK,FDP,D,AK,J003,J03,"S08-S14,T08-T14",,153
15307171,"Jun 9, 2026, 8:30:00 AM","Jun 9, 2026, 8:30:00 AM","Jun 9, 2026, 8:34:00 AM",AK 5106,9MRAA,32A,D,BKI,FDP,D,AK,K018,K18,"S08-S14,T08-T14",,173
15307201,"Jun 9, 2026, 8:30:00 AM","Jun 9, 2026, 8:30:00 AM","Jun 9, 2026, 8:47:00 AM",FY 2812,9MMLF,73H,D,KCH,FDP,D,FY,B015,-,F12-F13,,152
15307047,"Jun 9, 2026, 8:30:00 AM","Jun 9, 2026, 8:30:00 AM","Jun 9, 2026, 8:42:00 AM",MH 0860,9MMVD,7M8,D,KNO,FDP,I,MH,A010L,G08/G10,H01-H18,,127
15306860,"Jun 9, 2026, 8:30:00 AM","Jun 9, 2026, 8:30:00 AM","Jun 9, 2026, 8:58:00 AM",MH 2716,9MMLP,73H,D,SBW,FDP,D,MH,A004R,G04/G06,B09-B16,,117
15307130,"Jun 9, 2026, 8:35:00 AM","Jun 9, 2026, 8:35:00 AM","Jun 9, 2026, 8:54:00 AM",AK 0074,9MVAD,32Q,D,MLE,FDP,I,AK,P015,P15,"U08-U11,V08-V11,W08-W11,X08-X11,Y11",,140
15306530,"Jun 9, 2026, 8:35:00 AM","Jun 9, 2026, 8:35:00 AM","Jun 9, 2026, 8:53:00 AM",AK 5198,9MAHY,320,D,SDK,FDP,D,AK,K016,K16,"S08-S14,T08-T14",,159
15306904,"Jun 9, 2026, 8:35:00 AM","Jun 9, 2026, 8:35:00 AM","Jun 9, 2026, 8:50:00 AM",MH 0746,9MMVC,7M8,D,DAD,FDP,I,MH,B004L,H04/H06,H01-H18,,138
15307291,"Jun 9, 2026, 8:35:00 AM","Jun 9, 2026, 8:35:00 AM","Jun 9, 2026, 9:19:00 AM",QZ 0201,PKAZJ,320,D,CGK,FDP,I,QZ,Q013,Q13,"U14,V14,W14,X14,Y14",,140
15307155,"Jun 9, 2026, 8:40:00 AM","Jun 9, 2026, 8:40:00 AM","Jun 9, 2026, 9:42:00 AM",AK 0543,9MAJD,32A,D,PQC,FDP,I,AK,P007,P07,"U08-U11,V08-V11,W08-W11,X08-X11,Y11",,157
15306208,"Jun 9, 2026, 8:40:00 AM","Jun 9, 2026, 8:40:00 AM","Jun 9, 2026, 8:49:00 AM",QZ 0125,PKAZN,320,D,KNO,FDP,I,QZ,Q017,Q17,"U14,V14,W14,X14,Y14",,146
15306876,"Jun 9, 2026, 8:40:00 AM","Jun 9, 2026, 8:40:00 AM","Jun 9, 2026, 9:10:00 AM",MH 0133,9MMNO,339,D,AKL,FDP,I,MH,C034,C32/C34,H01-H18,,251
15307180,"Jun 9, 2026, 8:45:00 AM","Jun 9, 2026, 8:45:00 AM","Jun 9, 2026, 8:55:00 AM",AK 5653,9MAGM,32A,D,MYY,FDP,D,AK,J011,J11,"S08-S14,T08-T14",,157
15307137,"Jun 9, 2026, 8:45:00 AM","Jun 9, 2026, 8:45:00 AM","Jun 9, 2026, 9:04:00 AM",AK 0188,9MAHV,320,D,MFM,FDP,I,AK,P011,P11,"U08-U11,V08-V11,W08-W11,X08-X11,Y11",,143
15307224,"Jun 9, 2026, 8:45:00 AM","Jun 9, 2026, 8:45:00 AM","Jun 9, 2026, 9:08:00 AM",MH 0388,9MMLN,73H,D,PVG,FDP,I,MH,A008R,G08/G10,H01-H18,,189
15306120,"Jun 9, 2026, 8:50:00 AM","Jun 9, 2026, 8:50:00 AM","Jun 9, 2026, 9:01:00 AM",8B 0676,PKTLG,321,D,CGK,FDP,I,8B,C011,C11/C13,C09-C12,,130
15306488,"Jun 9, 2026, 8:50:00 AM","Jun 9, 2026, 8:50:00 AM","Jun 9, 2026, 8:56:00 AM",AK 6436,9MRCB,320,D,KBR,FDP,D,AK,K002,K02,"S08-S14,T08-T14",,149
15306889,"Jun 9, 2026, 8:50:00 AM","Jun 9, 2026, 8:50:00 AM","Jun 9, 2026, 9:14:00 AM",MH 0390,9MMXT,73H,D,XMN,FDP,I,MH,A006R,G04/G06,H01-H18,,112
15306577,"Jun 9, 2026, 8:55:00 AM","Jun 9, 2026, 8:55:00 AM","Jun 9, 2026, 9:20:00 AM",MH 0125,9MMVP,7M8,D,PER,FDP,I,MH,B008L,H08/H10,H01-H18,,176
15306814,"Jun 9, 2026, 8:55:00 AM","Jun 9, 2026, 8:55:00 AM","Jun 9, 2026, 9:16:00 AM",MH 2574,9MMLQ,73H,D,MYY,FDP,D,MH,B007,-,B09-B16,,135
15306210,"Jun 9, 2026, 8:55:00 AM","Jun 9, 2026, 8:55:00 AM","Jun 9, 2026, 9:12:00 AM",SQ 0103,9VMBA,7M8,D,SIN,FDP,I,SQ,C015,C15,L01-L08,,141
15307292,"Jun 9, 2026, 9:00:00 AM","Jun 9, 2026, 9:00:00 AM","Jun 9, 2026, 9:18:00 AM",TK 0174,TCLHF,359,D,SYD,FDP,I,TK,C003,C01/C03,,,253
15306985,"Jun 9, 2026, 9:00:00 AM","Jun 9, 2026, 9:00:00 AM","Jun 9, 2026, 9:00:00 AM",AK 6042,9MRCG,320,D,JHB,FDP,D,AK,K022R,K20,"S08-S14,T08-T14",,127
15306521,"Jun 9, 2026, 9:00:00 AM","Jun 9, 2026, 9:00:00 AM","Jun 9, 2026, 9:03:00 AM",AK 0364,9MVAF,32Q,D,DPS,FDP,I,AK,Q003,Q03,"U08-U11,V08-V11,W08-W11,X08-X11,Y11",,155
15306533,"Jun 9, 2026, 9:00:00 AM","Jun 9, 2026, 9:00:00 AM","Jun 9, 2026, 9:06:00 AM",AK 5746,9MAGV,32N,D,TWU,FDP,D,AK,K008,K08,"S08-S14,T08-T14",,172
15306882,"Jun 9, 2026, 9:00:00 AM","Jun 9, 2026, 9:00:00 AM","Jun 9, 2026, 9:40:00 AM",MH 0172,9MMVE,7M8,D,DEL,FDP,I,MH,C013,C11/C13,H01-H18,,177
15307222,"Jun 9, 2026, 9:00:00 AM","Jun 9, 2026, 9:00:00 AM","Jun 9, 2026, 9:30:00 AM",MH 0376,9MMTA,333,D,CAN,FDP,I,MH,C027,C26/C27,H01-H18,,229
15307237,"Jun 9, 2026, 9:00:00 AM","Jun 9, 2026, 9:00:00 AM","Jun 9, 2026, 9:36:00 AM",MH 0711,9MMVO,7M8,D,CGK,FDP,I,MH,C021,C21/C23,H01-H18,,130
15306891,"Jun 9, 2026, 9:00:00 AM","Jun 9, 2026, 9:00:00 AM","Jun 9, 2026, 9:32:00 AM",MH 0715,9MMTM,333,D,DPS,FDP,I,MH,C014,C12/C14,H01-H18,,214
15307023,"Jun 9, 2026, 9:00:00 AM","Jun 9, 2026, 9:00:00 AM","Jun 9, 2026, 9:42:00 AM",MH 0754,9MMXM,73H,D,KTI,FDP,I,MH,B010R,H08/H10,H01-H18,,152
15306669,"Jun 9, 2026, 9:00:00 AM","Jun 9, 2026, 9:00:00 AM","Jun 9, 2026, 9:24:00 AM",MH 0784,9MMTF,333,D,BKK,FDP,I,MH,C035,C35,H01-H18,,124
15306363,"Jun 9, 2026, 9:00:00 AM","Jun 9, 2026, 9:00:00 AM","Jun 9, 2026, 1:14:00 PM",OD 0306,9MLDH,73H,D,DPS,FDP,I,OD,B004R,H04/H06,"E02-E18,F01-F03",,134
15307012,"Jun 9, 2026, 9:05:00 AM","Jun 9, 2026, 9:05:00 AM","Jun 9, 2026, 9:27:00 AM",MH 0611,9MMXU,73H,D,SIN,FDP,I,MH,A010R,G08/G10,H01-H18,,152
15306564,"Jun 9, 2026, 9:10:00 AM","Jun 9, 2026, 9:10:00 AM","Jun 9, 2026, 9:49:00 AM",MH 0102,9MMVA,7M8,D,DAC,FDP,I,MH,B004R,H04/H06,"M11-M14, H01-H18",,119
15306334,"Jun 9, 2026, 9:10:00 AM","Jun 9, 2026, 9:10:00 AM","Jun 9, 2026, 9:44:00 AM",QZ 0321,PKAZL,320,D,SUB,FDP,I,QZ,Q011,Q11,"U14,V14,W14,X14,Y14",,156
15307161,"Jun 9, 2026, 9:10:00 AM","Jun 9, 2026, 9:10:00 AM","Jun 9, 2026, 9:11:00 AM",AK 0727,9MAJS,320,D,SIN,FDP,I,AK,K011,L11,"U08-U11,V08-V11,W08-W11,X08-X11,Y11",,141
15306588,"Jun 9, 2026, 9:10:00 AM","Jun 9, 2026, 9:10:00 AM","Jun 9, 2026, 9:34:00 AM",MH 0141,9MMNP,339,D,SYD,FDP,I,MH,C017,C16/C17,H01-H18,,253
15306677,"Jun 9, 2026, 9:10:00 AM","Jun 9, 2026, 9:10:00 AM","Jun 9, 2026, 9:46:00 AM",MH 0786,9MMLM,73H,D,HKT,FDP,I,MH,B008R,H08/H10,H01-H18,,104
15307221,"Jun 9, 2026, 9:15:00 AM","Jun 9, 2026, 9:15:00 AM","Jun 9, 2026, 9:57:00 AM",MH 0366,9MMTW,332,D,TPE,FDP,I,MH,C024,C22/C24,H01-H18,,190
15307156,"Jun 9, 2026, 9:15:00 AM","Jun 9, 2026, 9:15:00 AM","Jun 9, 2026, 9:45:00 AM",AK 0642,9MAQB,320,D,DAD,FDP,I,AK,P008L,P08,"U08-U11,V08-V11,W08-W11,X08-X11,Y11",,156
15306915,"Jun 9, 2026, 9:15:00 AM","Jun 9, 2026, 9:15:00 AM","Jun 9, 2026, 9:44:00 AM",MH 2610,9MMVL,7M8,D,BKI,FDP,D,MH,A002R,G02,B09-B16,,160
15306357,"Jun 9, 2026, 9:20:00 AM","Jun 9, 2026, 9:20:00 AM","Jun 9, 2026, 10:04:00 AM",OD 0352,9MLRW,7M8,D,SUB,FDP,I,OD,C031,C31/C33,"E02-E18,F01-F03",,141
15306145,"Jun 9, 2026, 9:20:00 AM","Jun 9, 2026, 9:20:00 AM","Jun 9, 2026, 9:58:00 AM",D7 0378,9MXXF,333,D,KIX,FDP,I,D7,P012,P12,"U13,V13,W13,X13,Y13",,293
15306366,"Jun 9, 2026, 9:20:00 AM","Jun 9, 2026, 9:20:00 AM","Jun 9, 2026, 9:48:00 AM",AK 5204,9MAHR,320,D,KCH,FDP,D,AK,K014,K14,"S08-S14,T08-T14",,152
15306441,"Jun 9, 2026, 9:20:00 AM","Jun 9, 2026, 9:20:00 AM","Jun 9, 2026, 9:38:00 AM",EK 0345,A6EPF,77W,D,DXB,FDP,I,EK,C036,C36/C37,C01-C08,,360
15306585,"Jun 9, 2026, 9:20:00 AM","Jun 9, 2026, 9:20:00 AM","Jun 9, 2026, 9:51:00 AM",MH 0129,9MMNK,339,D,MEL,FDP,I,MH,C012,C12/C14,H01-H18,,241
15307149,"Jun 9, 2026, 9:25:00 AM","Jun 9, 2026, 9:25:00 AM","Jun 9, 2026, 9:26:00 AM",AK 0452,9MRAU,32N,D,SRG,FDP,I,AK,P017,P17,"U08-U11,V08-V11,W08-W11,X08-X11,Y11",,144
15306759,"Jun 9, 2026, 9:25:00 AM","Jun 9, 2026, 9:25:00 AM","Jun 9, 2026, 9:48:00 AM",MH 1432,9MMXS,73H,D,LGK,FDP,D,MH,A011,-,B09-B16,,126
15306612,"Jun 9, 2026, 9:30:00 AM","Jun 9, 2026, 9:30:00 AM","Jun 9, 2026, 9:59:00 AM",MH 0170,9MMVN,7M8,D,KTM,FDP,I,MH,A004L,G04/G06,"H01-H18, M11-M14",,101
15306385,"Jun 9, 2026, 9:30:00 AM","Jun 9, 2026, 9:30:00 AM","Jun 9, 2026, 10:03:00 AM",OD 0322,9MLDF,73H,D,KNO,FDP,I,OD,B006R,H04/H06,"E02-E18,F01-F03",,127
15307117,"Jun 9, 2026, 9:30:00 AM","Jun 9, 2026, 9:30:00 AM","Jun 9, 2026, 12:03:00 PM",OD 1900,9MLRQ,7M8,D,TWU,FDP,D,OD,A009,-,F01-F03,,144
15306309,"Jun 9, 2026, 9:30:00 AM","Jun 9, 2026, 9:30:00 AM","Jun 9, 2026, 9:53:00 AM",WY 0822,A4OSC,789,D,MCT,FDP,I,WY,C025,C25,M01-M06,,164
15306540,"Jun 9, 2026, 9:35:00 AM","Jun 9, 2026, 9:35:00 AM","Jun 9, 2026, 9:36:00 AM",AK 6334,9MVAE,32Q,D,LGK,FDP,D,AK,K004,K04,"S08-S14,T08-T14",,143
15307150,"Jun 9, 2026, 9:35:00 AM","Jun 9, 2026, 9:35:00 AM","Jun 9, 2026, 9:31:00 AM",AK 0462,9MAGH,32N,D,PLM,FDP,I,AK,K005,L05,"U08-U11,V08-V11,W08-W11,X08-X11,Y11",,144
15306652,"Jun 9, 2026, 9:35:00 AM","Jun 9, 2026, 9:35:00 AM","Jun 9, 2026, 10:01:00 AM",MH 0752,9MMVM,7M8,D,HAN,FDP,I,MH,B010L,H08/H10,H01-H18,,150
15306519,"Jun 9, 2026, 9:40:00 AM","Jun 9, 2026, 9:40:00 AM","Jun 9, 2026, 9:51:00 AM",AK 0346,9MAJA,32A,D,YIA,FDP,I,AK,K018,L18,"U08-U11,V08-V11,W08-W11,X08-X11,Y11",,148
15307183,"Jun 9, 2026, 9:40:00 AM","Jun 9, 2026, 9:40:00 AM","Jun 9, 2026, 9:53:00 AM",AK 5872,9MAGB,32N,D,SBW,FDP,D,AK,J005,J05,"S08-S14,T08-T14",,165
15306409,"Jun 9, 2026, 9:50:00 AM","Jun 9, 2026, 9:50:00 AM","Jun 9, 2026, 10:09:00 AM",OD 0522,9MLNC,73H,D,DMK,FDP,I,OD,B004L,H04/H06,"E02-E18,F01-F03",,153
15306150,"Jun 9, 2026, 9:50:00 AM","Jun 9, 2026, 9:50:00 AM","Jun 9, 2026, 10:16:00 AM",EY 0489,A6BLG,789,D,AUH,FDP,I,EY,C002,C02/C04,A01-A06,,283
15307207,"Jun 9, 2026, 9:50:00 AM","Jun 9, 2026, 9:50:00 AM","Jun 9, 2026, 10:11:00 AM",FY 3692,9MMLJ,73H,D,CEB,FDP,I,FY,B021,G01,F12-F13,,111
15306560,"Jun 9, 2026, 9:50:00 AM","Jun 9, 2026, 9:50:00 AM","Jun 9, 2026, 10:14:00 AM",MH 0004,9MMAE,359,D,LHR,FDP,I,MH,C022,C22/C24,H01-H18,,234
15306305,"Jun 9, 2026, 9:50:00 AM","Jun 9, 2026, 9:50:00 AM","Jun 9, 2026, 10:06:00 AM",TK 0063,TCLGI,359,D,IST,FDP,I,TK,C001,C01/C03,J01-J08,,297
15306979,"Jun 9, 2026, 10:00:00 AM","Jun 9, 2026, 10:00:00 AM","Jun 9, 2026, 10:12:00 AM",OD 0356,9MLRD,7M8,D,BTH,FDP,I,OD,C016,C16/C17,"E02-E18,F01-F03",,143
15307243,"Jun 9, 2026, 10:00:00 AM","Jun 9, 2026, 10:00:00 AM","Jun 9, 2026, 10:18:00 AM",MH 0717,9MMVR,7M8,D,CGK,FDP,I,MH,A006L,G04/G06,H01-H18,,130
15306419,"Jun 9, 2026, 10:00:00 AM","Jun 9, 2026, 10:00:00 AM","Jun 9, 2026, 11:12:00 AM",OD 2201,9MLNV,73H,D,LGK,FDP,D,OD,B019,-,F01-F03,,124
15306485,"Jun 9, 2026, 10:05:00 AM","Jun 9, 2026, 10:05:00 AM","Jun 9, 2026, 10:12:00 AM",AK 6222,9MAQD,320,D,TGG,FDP,D,AK,J008,J08,"S08-S14,T08-T14",,140
15307163,"Jun 9, 2026, 10:10:00 AM","Jun 9, 2026, 10:10:00 AM","Jun 9, 2026, 10:23:00 AM",AK 0832,9MAGA,32N,D,HKT,FDP,I,AK,K001,L01,"U08-U11,V08-V11,W08-W11,X08-X11,Y11",,157
15307002,"Jun 9, 2026, 10:10:00 AM","Jun 9, 2026, 10:10:00 AM","Jun 9, 2026, 10:21:00 AM",MH 0485,9MMVG,7M8,D,MLE,FDP,I,MH,B002R,H02,H01-H18,,140
15306636,"Jun 9, 2026, 10:10:00 AM","Jun 9, 2026, 10:10:00 AM","Jun 9, 2026, 10:25:00 AM",MH 0627,9MMLO,73H,D,SIN,FDP,I,MH,A008L,G08/G10,H01-H18,,119
15307020,"Jun 9, 2026, 10:10:00 AM","Jun 9, 2026, 10:10:00 AM","Jun 9, 2026, 10:26:00 AM",MH 0704,9MMXN,73H,D,MNL,FDP,I,MH,C026,C26/C27,H01-H18,,136
15306372,"Jun 9, 2026, 10:10:00 AM","Jun 9, 2026, 10:10:00 AM","Jun 9, 2026, 10:29:00 AM",QR 0845,A7BEM,77W,D,DOH,FDP,I,QR,C032,C32/C34,K01-K07,,283
15307157,"Jun 9, 2026, 10:15:00 AM","Jun 9, 2026, 10:15:00 AM","Jun 9, 2026, 10:44:00 AM",AK 0648,9MRAT,320,D,DAD,FDP,I,AK,K016,L16,"U08-U11,V08-V11,W08-W11,X08-X11,Y11",,148
15306504,"Jun 9, 2026, 10:15:00 AM","Jun 9, 2026, 10:15:00 AM","Jun 9, 2026, 10:28:00 AM",OD 0386,9MLDC,73H,D,CGK,FDP,I,OD,C006,C06,"E02-E18,F01-F03",,130
15306414,"Jun 9, 2026, 10:15:00 AM","Jun 9, 2026, 10:15:00 AM","Jun 9, 2026, 11:46:00 AM",OD 0605,9MLNY,73H,D,HKG,FDP,I,OD,C031,C31/C33,"E02-E18,F01-F03",,130
15306984,"Jun 9, 2026, 10:20:00 AM","Jun 9, 2026, 10:20:00 AM","Jun 9, 2026, 10:25:00 AM",AK 5110,9MRAK,32N,D,BKI,FDP,D,AK,J003,J03,"S08-S14,T08-T14",,173
15307159,"Jun 9, 2026, 10:20:00 AM","Jun 9, 2026, 10:20:00 AM","Jun 9, 2026, 10:22:00 AM",AK 0707,9MRAH,32N,D,SIN,FDP,I,AK,K012,L12,"U08-U11,V08-V11,W08-W11,X08-X11,Y11",,146
15306549,"Jun 9, 2026, 10:20:00 AM","Jun 9, 2026, 10:20:00 AM","Jun 9, 2026, 10:34:00 AM",OD 0184,9MLRS,7M8,D,KTM,FDP,I,OD,B023,G01,"E02-E18,F01-F03",,144
15306544,"Jun 9, 2026, 10:25:00 AM","Jun 9, 2026, 10:25:00 AM","Jun 9, 2026, 10:38:00 AM",KT 0174,XU818,320,D,KOS,FDP,I,KT,P001,P01,"U12,V12,W12,X12,Y12",,144
15306947,"Jun 9, 2026, 10:25:00 AM","Jun 9, 2026, 10:25:00 AM","Jun 9, 2026, 10:46:00 AM",MH 2710,9MMXH,73H,D,SDK,FDP,D,MH,A007,-,B09-B16,,140
15306216,"Jun 9, 2026, 10:25:00 AM","Jun 9, 2026, 10:25:00 AM","Jun 9, 2026, 10:31:00 AM",SQ 0105,9VSMU,359,D,SIN,FDP,I,SQ,C014,C12/C14,L01-L08,,141
15307197,"Jun 9, 2026, 10:30:00 AM","Jun 9, 2026, 10:30:00 AM","Jun 9, 2026, 10:39:00 AM",AK 6320,9MAHZ,320,D,LGK,FDP,D,AK,J009,J09,"S08-S14,T08-T14",,155
15306522,"Jun 9, 2026, 10:30:00 AM","Jun 9, 2026, 10:30:00 AM","Jun 9, 2026, 10:35:00 AM",AK 0391,9MDAB,320,D,KNO,FDP,I,AK,P013,P13,"U08-U11,V08-V11,W08-W11,X08-X11,Y11",,136
15306202,"Jun 9, 2026, 10:30:00 AM","Jun 9, 2026, 10:30:00 AM","Jun 9, 2026, 11:49:00 AM",OD 0502,9MLRP,7M8,D,DAD,FDP,I,OD,C011,C11/C13,"E02-E18,F01-F03",,131
15307288,"Jun 9, 2026, 10:30:00 AM","Jun 9, 2026, 10:30:00 AM","Jun 9, 2026, 11:09:00 AM",OD 0803,9MLCW,73H,D,SIN,FDP,I,OD,A002L,G02,"E02-E18,F01-F03",,122
15307148,"Jun 9, 2026, 10:35:00 AM","Jun 9, 2026, 10:35:00 AM","Jun 9, 2026, 10:33:00 AM",AK 0431,9MRAL,32N,D,PKU,FDP,I,AK,P003,P03,"U08-U11,V08-V11,W08-W11,X08-X11,Y11",,121
15307192,"Jun 9, 2026, 10:40:00 AM","Jun 9, 2026, 10:40:00 AM","Jun 9, 2026, 10:48:00 AM",AK 6142,9MAQM,320,D,PEN,FDP,D,AK,J013,J13,"S08-S14,T08-T14",,156
15307138,"Jun 9, 2026, 10:45:00 AM","Jun 9, 2026, 10:45:00 AM","Jun 9, 2026, 11:19:00 AM",AK 0310,9MAGQ,32N,D,LBJ,FDP,I,AK,P009,P09,"U08-U11,V08-V11,W08-W11,X08-X11,Y11",,144
15306381,"Jun 9, 2026, 10:55:00 AM","Jun 9, 2026, 10:55:00 AM","Jun 9, 2026, 11:01:00 AM",AK 5232,9MRAW,322,D,KCH,FDP,D,AK,J001,J01,"S08-S14,T08-T14",,166
15307165,"Jun 9, 2026, 10:55:00 AM","Jun 9, 2026, 10:55:00 AM","Jun 9, 2026, 10:49:00 AM",AK 0866,9MAJE,32A,D,KBV,FDP,I,AK,K005,L05,"U08-U11,V08-V11,W08-W11,X08-X11,Y11",,139
15306489,"Jun 9, 2026, 11:00:00 AM","Jun 9, 2026, 11:00:00 AM","Jun 9, 2026, 11:35:00 AM",AK 6442,9MDAF,320,D,KBR,FDP,D,AK,J014,J14,"S08-S14,T08-T14",,166
15307269,"Jun 9, 2026, 11:00:00 AM","Jun 9, 2026, 11:00:00 AM","Jun 9, 2026, 11:15:00 AM",MH 2520,9MMXW,73H,D,KCH,FDP,D,MH,B005,-,B09-B16,,144
15306222,"Jun 9, 2026, 11:00:00 AM","Jun 9, 2026, 11:00:00 AM","Jun 9, 2026, 11:07:00 AM",SQ 0107,9VMBE,7M8,D,SIN,FDP,I,SQ,C015,C15,L01-L08,,141
15306480,"Jun 9, 2026, 11:15:00 AM","Jun 9, 2026, 11:15:00 AM","Jun 9, 2026, 11:23:00 AM",AK 6040,9MAFF,320,D,JHB,FDP,D,AK,J011,J11,"S08-S14,T08-T14",,157
15306553,"Jun 9, 2026, 11:20:00 AM","Jun 9, 2026, 11:20:00 AM","Jun 9, 2026, 11:25:00 AM",QZ 0129,PKAZI,320,D,KNO,FDP,I,QZ,Q017,Q17,"U14,V14,W14,X14,Y14",,146
15306982,"Jun 9, 2026, 11:30:00 AM","Jun 9, 2026, 11:30:00 AM","Jun 9, 2026, 11:39:00 AM",AK 0351,9MAGU,32A,D,CGK,FDP,I,AK,K022L,L22,"U08-U11,V08-V11,W08-W11,X08-X11,Y11",,113
15307205,"Jun 9, 2026, 11:30:00 AM","Jun 9, 2026, 11:30:00 AM","Jun 9, 2026, 11:28:00 AM",FY 3610,9MMLH,73H,D,KBV,FDP,I,FY,B006L,H04/H06,F12-F13,,132
15306847,"Jun 9, 2026, 11:35:00 AM","Jun 9, 2026, 11:35:00 AM","Jun 9, 2026, 11:51:00 AM",MH 2646,9MMLT,73H,D,BKI,FDP,D,MH,B007,-,B09-B16,,150
15306266,"Jun 9, 2026, 11:35:00 AM","Jun 9, 2026, 11:35:00 AM","Jun 9, 2026, 11:37:00 AM",TR 0451,,320,D,SIN,FDP,I,TR,P007,P07,Z01-Z06,,141
15307141,"Jun 9, 2026, 11:40:00 AM","Jun 9, 2026, 11:40:00 AM","Jun 9, 2026, 12:01:00 PM",AK 0376,9MAHX,320,D,DPS,FDP,I,AK,Q005,Q05,"U08-U11,V08-V11,W08-W11,X08-X11,Y11",,155
15306555,"Jun 9, 2026, 11:45:00 AM","Jun 9, 2026, 11:45:00 AM","Jun 9, 2026, 11:44:00 AM",AK 0882,9MVAA,32Q,D,DMK,FDP,I,AK,K003,L03,"U08-U11,V08-V11,W08-W11,X08-X11,Y11",,201
15307116,"Jun 9, 2026, 11:45:00 AM","Jun 9, 2026, 11:45:00 AM","Jun 9, 2026, 12:28:00 PM",OD 0388,9MLNP,73H,D,CGK,FDP,I,OD,B004L,H04/H06,"E02-E18,F01-F03",,133
15307176,"Jun 9, 2026, 11:45:00 AM","Jun 9, 2026, 11:45:00 AM","Jun 9, 2026, 12:01:00 PM",AK 5140,9MVAC,32Q,D,BKI,FDP,D,AK,J017,J17,"S08-S14,T08-T14",,160
15307229,"Jun 9, 2026, 11:45:00 AM","Jun 9, 2026, 11:45:00 AM","Jun 9, 2026, 11:47:00 AM",MH 0603,9MMLV,73H,D,SIN,FDP,I,MH,A002R,G02,H01-H18,,110
15306697,"Jun 9, 2026, 11:45:00 AM","Jun 9, 2026, 11:45:00 AM","Jun 9, 2026, 11:54:00 AM",MH 1140,9MMLL,73H,D,PEN,FDP,D,MH,A011,-,B09-B16,,134
15306484,"Jun 9, 2026, 11:50:00 AM","Jun 9, 2026, 11:50:00 AM","Jun 9, 2026, 12:53:00 PM",AK 6126,9MAQA,320,D,PEN,FDP,D,AK,J003,J03,"S08-S14,T08-T14",,141
15306536,"Jun 9, 2026, 11:50:00 AM","Jun 9, 2026, 11:50:00 AM","Jun 9, 2026, 12:11:00 PM",AK 6304,9MRCB,320,D,LGK,FDP,D,AK,J013,J13,"S08-S14,T08-T14",,143
15307260,"Jun 9, 2026, 11:50:00 AM","Jun 9, 2026, 11:50:00 AM","Jun 9, 2026, 12:07:00 PM",MH 0792,9MMVF,7M8,D,CNX,FDP,I,MH,C023,C21/C23,H01-H18,,151
15306474,"Jun 9, 2026, 11:55:00 AM","Jun 9, 2026, 11:55:00 AM","Jun 9, 2026, 11:57:00 AM",AK 0711,9MAJY,320,D,SIN,FDP,I,AK,K004,L04,"U08-U11,V08-V11,W08-W11,X08-X11,Y11",,150
15306770,"Jun 9, 2026, 11:55:00 AM","Jun 9, 2026, 11:55:00 AM","Jun 9, 2026, 12:09:00 PM",MH 1438,9MMLK,73H,D,LGK,FDP,D,MH,A008L,G08/G10,B09-B16,,128
15306552,"Jun 9, 2026, 12:00:00 PM","Jun 9, 2026, 12:00:00 PM","Jun 9, 2026, 11:56:00 AM",QZ 0121,PKAZN,320,D,KNO,FDP,I,QZ,Q011,Q11,"U14,V14,W14,X14,Y14",,149
15306205,"Jun 9, 2026, 12:00:00 PM","Jun 9, 2026, 12:00:00 PM","Jun 9, 2026, 12:33:00 PM",OD 0540,9MLNM,73H,D,HKT,FDP,I,OD,C006,C06,"E02-E18,F01-F03",,132
15307151,"Jun 9, 2026, 12:00:00 PM","Jun 9, 2026, 12:00:00 PM","Jun 9, 2026, 12:06:00 PM",AK 0512,9MRAV,320,D,HAN,FDP,I,AK,Q003,Q03,"U08-U11,V08-V11,W08-W11,X08-X11,Y11",,154
15306462,"Jun 9, 2026, 12:00:00 PM","Jun 9, 2026, 12:00:00 PM","Jun 9, 2026, 12:12:00 PM",OD 2203,9MLDT,73H,D,LGK,FDP,D,OD,A007,-,F01-F03,,143
15307186,"Jun 9, 2026, 12:05:00 PM","Jun 9, 2026, 12:05:00 PM","Jun 9, 2026, 12:05:00 PM",AK 6016,9MAGI,32N,D,AOR,FDP,D,AK,K002,K02,"S08-S14,T08-T14",,144
15306122,"Jun 9, 2026, 12:05:00 PM","Jun 9, 2026, 12:05:00 PM","Jun 9, 2026, 12:20:00 PM",8M 0502,XYALY,319,D,RGN,FDP,I,8M,C016,C16/C17,M11-M14,,73
15306455,"Jun 9, 2026, 12:10:00 PM","Jun 9, 2026, 12:10:00 PM","Jun 9, 2026, 12:50:00 PM",AK 5172,9MAQG,320,D,LBU,FDP,D,AK,J001,J01,"S08-S14,T08-T14",,156
15306206,"Jun 9, 2026, 12:20:00 PM","Jun 9, 2026, 12:20:00 PM","Jun 9, 2026, 12:31:00 PM",PR 0526,RPC9903,321,D,MNL,FDP,I,PR,C014,C12/C14,"C09-C12, C08-C12",,144
15307177,"Jun 9, 2026, 12:25:00 PM","Jun 9, 2026, 12:25:00 PM","Jun 9, 2026, 12:40:00 PM",AK 5208,9MAGO,32N,D,KCH,FDP,D,AK,K016,K16,"S08-S14,T08-T14",,169
15307041,"Jun 9, 2026, 12:25:00 PM","Jun 9, 2026, 12:25:00 PM","Jun 9, 2026, 12:35:00 PM",MH 0851,9MMXR,73H,D,DPS,FDP,I,MH,B010L,H08/H10,H01-H18,,119
15307182,"Jun 9, 2026, 12:30:00 PM","Jun 9, 2026, 12:30:00 PM","Jun 9, 2026, 12:47:00 PM",AK 5870,9MAQP,320,D,SBW,FDP,D,AK,K008,K08,"S08-S14,T08-T14",,153
15307162,"Jun 9, 2026, 12:30:00 PM","Jun 9, 2026, 12:30:00 PM","Jun 9, 2026, 12:28:00 PM",AK 0824,9MRAO,32A,D,HKT,FDP,I,AK,K012,L12,"U08-U11,V08-V11,W08-W11,X08-X11,Y11",,129
15306788,"Jun 9, 2026, 12:30:00 PM","Jun 9, 2026, 12:30:00 PM","Jun 9, 2026, 12:37:00 PM",MH 2530,9MMXF,73H,D,KCH,FDP,D,MH,A008R,G08/G10,B09-B16,,151
15306873,"Jun 9, 2026, 12:45:00 PM","Jun 9, 2026, 12:45:00 PM","Jun 9, 2026, 12:53:00 PM",D7 0600,9MXBI,333,D,ALA,FDP,I,D7,Q004,Q04,"U13,V13,W13,X13,Y13",,260
15306925,"Jun 9, 2026, 12:50:00 PM","Jun 9, 2026, 12:50:00 PM","Jun 9, 2026, 12:57:00 PM",AK 0545,9MAQQ,32A,D,PQC,FDP,I,AK,K001,L01,"U08-U11,V08-V11,W08-W11,X08-X11,Y11",,130
15306156,"Jun 9, 2026, 12:50:00 PM","Jun 9, 2026, 12:50:00 PM","Jun 9, 2026, 12:57:00 PM",GA 0821,PKGNA,73H,D,CGK,FDP,I,GA,C011,C11/C13,A01-A04,,130
15306317,"Jun 9, 2026, 12:50:00 PM","Jun 9, 2026, 12:50:00 PM","Jun 9, 2026, 1:41:00 PM",MK 0647,3BNBV,339,D,MRU,FDP,I,MK,C002,C02/C04,M01-M06,,218
15306329,"Jun 9, 2026, 12:50:00 PM","Jun 9, 2026, 12:50:00 PM","Jun 9, 2026, 1:15:00 PM",ZH 0328,B20DZ,7M8,D,SZX,FDP,I,ZH,C021,C21/C23,K01-K04,,138
15306838,"Jun 9, 2026, 12:55:00 PM","Jun 9, 2026, 12:55:00 PM","Jun 9, 2026, 1:04:00 PM",MH 2614,9MMXB,73H,D,BKI,FDP,D,MH,A009,-,B09-B16,,138
15307135,"Jun 9, 2026, 1:05:00 PM","Jun 9, 2026, 1:05:00 PM","Jun 9, 2026, 1:11:00 PM",AK 0168,9MAJG,32A,D,NNG,FDP,I,AK,K004,L04,"U08-U11,V08-V11,W08-W11,X08-X11,Y11",,155
15306727,"Jun 9, 2026, 1:05:00 PM","Jun 9, 2026, 1:05:00 PM","Jun 9, 2026, 1:22:00 PM",MH 1208,9MFFF,73H,D,AOR,FDP,D,MH,B005,-,B09-B16,,128
15306751,"Jun 9, 2026, 1:05:00 PM","Jun 9, 2026, 1:05:00 PM","Jun 9, 2026, 1:12:00 PM",MH 1426,9MMXO,73H,D,KBR,FDP,D,MH,A003,-,B09-B16,,138
15307131,"Jun 9, 2026, 1:10:00 PM","Jun 9, 2026, 1:10:00 PM","Jun 9, 2026, 1:20:00 PM",AK 0101,9MRAP,320,D,KMG,FDP,I,AK,K007,L07,"U08-U11,V08-V11,W08-W11,X08-X11,Y11",,148
15306135,"Jun 9, 2026, 1:10:00 PM","Jun 9, 2026, 1:10:00 PM",,CX 0722,BHYG,333,D,HKG,FDL,I,CX,C032,C32/C34,G10-G15,,164
15306768,"Jun 9, 2026, 1:10:00 PM","Jun 9, 2026, 1:10:00 PM","Jun 9, 2026, 1:17:00 PM",MH 1436,9MMXG,73H,D,LGK,FDP,D,MH,A004R,G04/G06,B09-B16,,133
15306867,"Jun 9, 2026, 1:20:00 PM","Jun 9, 2026, 1:20:00 PM","Jun 9, 2026, 1:19:00 PM",AK 0384,9MDAE,320,D,CGK,FDP,I,AK,K014,L14,"U08-U11,V08-V11,W08-W11,X08-X11,Y11",,139
15306249,"Jun 9, 2026, 1:20:00 PM","Jun 9, 2026, 1:20:00 PM","Jun 9, 2026, 1:47:00 PM",TG 0416,HSTEP,333,D,BKK,FDP,I,TG,C022,C22/C24,C01-C06,,149
15306333,"Jun 9, 2026, 1:25:00 PM","Jun 9, 2026, 1:25:00 PM","Jun 9, 2026, 1:44:00 PM",D7 0212,9MXXZ,333,D,MEL,FDP,I,D7,Q014,Q14,"U13,V13,W13,X13,Y13",,290
15306483,"Jun 9, 2026, 1:25:00 PM","Jun 9, 2026, 1:25:00 PM","Jun 9, 2026, 1:40:00 PM",AK 6116,9MAGL,32N,D,PEN,FDP,D,AK,J008,J08,"S08-S14,T08-T14",,141
15306395,"Jun 9, 2026, 1:30:00 PM","Jun 9, 2026, 1:30:00 PM",,OD 1004,9MLDD,738,D,BKI,FDL,D,OD,A011,-,F01-F03,,134
15306527,"Jun 9, 2026, 1:30:00 PM","Jun 9, 2026, 1:30:00 PM","Jun 9, 2026, 1:37:00 PM",AK 0856,9MDAB,320,D,CNX,FDP,I,AK,Q009,Q09,"U08-U11,V08-V11,W08-W11,X08-X11,Y11",,160
15306551,"Jun 9, 2026, 1:30:00 PM","Jun 9, 2026, 1:30:00 PM","Jun 9, 2026, 1:45:00 PM",OD 1726,9MLDF,73H,D,BTU,FDP,D,OD,A010R,G08/G10,F01-F03,,139
15306388,"Jun 9, 2026, 1:30:00 PM","Jun 9, 2026, 1:30:00 PM",,OD 1634,9MLCW,73H,D,KCH,GFC,D,OD,B002R,H02,F01-F03,,152
15307167,"Jun 9, 2026, 1:30:00 PM","Jun 9, 2026, 1:30:00 PM","Jun 9, 2026, 1:28:00 PM",AK 0884,9MAFE,320,D,DMK,FDP,I,AK,K005,L05,"U08-U11,V08-V11,W08-W11,X08-X11,Y11",,150
15306384,"Jun 9, 2026, 1:35:00 PM","Jun 9, 2026, 1:35:00 PM","Jun 9, 2026, 1:34:00 PM",VJ 0826,VNA639,321,D,SGN,FDP,I,VJ,C031,C31/C33,F14-F18,,140
15306487,"Jun 9, 2026, 1:40:00 PM","Jun 9, 2026, 1:40:00 PM","Jun 9, 2026, 1:49:00 PM",AK 6318,9MAQD,320,D,LGK,FDP,D,AK,J005,J05,"S08-S14,T08-T14",,147
15307077,"Jun 9, 2026, 1:45:00 PM","Jun 9, 2026, 1:45:00 PM","Jun 9, 2026, 1:51:00 PM",MH 2536,9MMSB,73H,D,KCH,FDP,D,MH,B008R,H08/H10,B09-B16,,153
15306981,"Jun 9, 2026, 1:45:00 PM","Jun 9, 2026, 1:45:00 PM","Jun 9, 2026, 1:57:00 PM",AK 0278,9MAQZ,32A,D,BWN,FDP,I,AK,K006,L06,"U08-U11,V08-V11,W08-W11,X08-X11,Y11",,131
15306642,"Jun 9, 2026, 1:45:00 PM","Jun 9, 2026, 1:45:00 PM","Jun 9, 2026, 2:01:00 PM",MH 0721,9MMTH,333,D,CGK,FDP,I,MH,B002,-,H01-H18,,183
15306927,"Jun 9, 2026, 1:45:00 PM","Jun 9, 2026, 1:45:00 PM","Jun 9, 2026, 1:50:00 PM",AK 5644,9MAGH,32N,D,MYY,FDP,D,AK,K008,K08,"S08-S14,T08-T14",,171
15306367,"Jun 9, 2026, 1:50:00 PM","Jun 9, 2026, 1:50:00 PM",,AK 5210,9MAHR,320,D,KCH,FDL,D,AK,J003,J03,"S08-S14,T08-T14",,152
15307188,"Jun 9, 2026, 1:50:00 PM","Jun 9, 2026, 1:50:00 PM","Jun 9, 2026, 2:25:00 PM",AK 6034,9MAQF,320,D,JHB,FDP,D,AK,J011,J11,"S08-S14,T08-T14",,149
15306869,"Jun 9, 2026, 2:00:00 PM","Jun 9, 2026, 2:00:00 PM","Jun 9, 2026, 1:57:00 PM",AK 0640,9MRAL,32N,D,DAD,FDP,I,AK,K003,L03,"U08-U11,V08-V11,W08-W11,X08-X11,Y11",,122
15306361,"Jun 9, 2026, 2:00:00 PM","Jun 9, 2026, 2:00:00 PM","Jun 9, 2026, 2:28:00 PM",CZ 0350,B32ED,359,D,CAN,FDP,I,CZ,C026,C26/C27,J09-J14,,161
15306193,"Jun 9, 2026, 2:00:00 PM","Jun 9, 2026, 2:00:00 PM",,OD 0193,9MLNV,73H,D,PER,GFC,I,OD,B008L,H08/H10,"E02-E18,F01-F03",,128
15306478,"Jun 9, 2026, 2:05:00 PM","Jun 9, 2026, 2:05:00 PM",,AK 5116,9MDAF,320,D,BKI,FDL,D,AK,J017,J17,"S08-S14,T08-T14",,167
15306161,"Jun 9, 2026, 2:05:00 PM","Jun 9, 2026, 2:05:00 PM",,ID 7283,PKLDK,73H,D,CGK,GCL,I,ID,C024,C22/C24,F09-F10,,144
15306706,"Jun 9, 2026, 2:05:00 PM","Jun 9, 2026, 2:05:00 PM","Jun 9, 2026, 2:15:00 PM",MH 1148,9MMXS,73H,D,PEN,FDP,D,MH,B007,-,B09-B16,,147
15306360,"Jun 9, 2026, 2:10:00 PM","Jun 9, 2026, 2:10:00 PM",,D7 0522,9MXXY,333,D,HND,GCL,I,D7,P010,P10,"U13,V13,W13,X13,Y13",,213
15307203,"Jun 9, 2026, 2:10:00 PM","Jun 9, 2026, 2:10:00 PM","Jun 9, 2026, 2:08:00 PM",FY 2953,9MMLI,73H,D,PEN,FDP,D,FY,B015,-,F12-F13,,119
15306872,"Jun 9, 2026, 2:15:00 PM","Jun 9, 2026, 2:15:00 PM","Jun 9, 2026, 2:13:00 PM",AK 6440,9MRAH,32N,D,KBR,FDP,D,AK,K002,K02,"S08-S14,T08-T14",,151
15306418,"Jun 9, 2026, 2:15:00 PM","Jun 9, 2026, 2:15:00 PM",,HU 7924,B1387,7M8,D,CKG,GCL,I,HU,P001,P01,"Y07-Y10, Y07-Y09",,138
15306524,"Jun 9, 2026, 2:15:00 PM","Jun 9, 2026, 2:15:00 PM","Jun 9, 2026, 2:32:00 PM",AK 0606,9MVAG,32Q,D,PER,FDP,I,AK,P011,P11,"U08-U11,V08-V11,W08-W11,X08-X11,Y11",,176
15306187,"Jun 9, 2026, 2:15:00 PM","Jun 9, 2026, 2:15:00 PM","Jun 9, 2026, 2:20:00 PM",NH 0886,JA838A,788,D,HND,FDP,I,NH,C003,C01/C03,L08-L13,,132
15306629,"Jun 9, 2026, 2:20:00 PM","Jun 9, 2026, 2:20:00 PM","Jun 9, 2026, 2:22:00 PM",MH 0619,9MMXU,73H,D,SIN,FDP,I,MH,A004L,G04/G06,H01-H18,,101
15307277,"Jun 9, 2026, 2:20:00 PM","Jun 9, 2026, 2:20:00 PM",,MH 2616,9MMLO,73H,D,BKI,GCL,D,MH,A002L,G02,B09-B16,,158
15307290,"Jun 9, 2026, 2:25:00 PM","Jun 9, 2026, 2:25:00 PM",,OD 1906,9MLNZ,73H,D,SBW,FDL,D,OD,A009,-,F01-F03,,144
15307160,"Jun 9, 2026, 2:25:00 PM","Jun 9, 2026, 2:25:00 PM",,AK 0715,9MAGN,32N,D,SIN,GCL,I,AK,P007,P07,"U08-U11,V08-V11,W08-W11,X08-X11,Y11",,141
15307139,"Jun 9, 2026, 2:30:00 PM","Jun 9, 2026, 2:30:00 PM","Jun 9, 2026, 2:34:00 PM",AK 0334,9MAQN,320,D,UPG,FDP,I,AK,Q015,Q15,"U08-U11,V08-V11,W08-W11,X08-X11,Y11",,161
15306658,"Jun 9, 2026, 2:30:00 PM","Jun 9, 2026, 2:30:00 PM",,MH 0758,9MMVD,7M8,D,SGN,GCL,I,MH,B010R,H08/H10,H01-H18,,140
15307144,"Jun 9, 2026, 2:35:00 PM","Jun 9, 2026, 2:35:00 PM",,AK 0397,9MRAA,32A,D,KNO,GCL,I,AK,K004,L04,"U08-U11,V08-V11,W08-W11,X08-X11,Y11",,153
15307102,"Jun 9, 2026, 2:35:00 PM","Jun 9, 2026, 2:35:00 PM",,MH 2664,9MMXY,73H,D,TWU,GCL,D,MH,A007,-,B09-B16,,151
15306227,"Jun 9, 2026, 2:35:00 PM","Jun 9, 2026, 2:35:00 PM",,SQ 0113,9VMBA,7M8,D,SIN,GCL,I,SQ,C015,C15,L01-L07,,141
15307154,"Jun 9, 2026, 2:40:00 PM","Jun 9, 2026, 2:40:00 PM",,AK 0522,9MAGA,32N,D,SGN,GCL,I,AK,K001,L01,"U08-U11,V08-V11,W08-W11,X08-X11,Y11",,158
15306119,"Jun 9, 2026, 2:40:00 PM","Jun 9, 2026, 2:40:00 PM",,8B 0674,PKTLG,321,D,CGK,GCL,I,8B,C016,C16/C17,C09-C12,,130
15306175,"Jun 9, 2026, 2:40:00 PM","Jun 9, 2026, 2:40:00 PM",,MF 0848,B20E1,7M8,D,XMN,GCL,I,MF,C011,C11/C13,K07-K12,,144
15306822,"Jun 9, 2026, 2:40:00 PM","Jun 9, 2026, 2:40:00 PM",,MH 2594,9MMLS,73H,D,MYY,GCL,D,MH,A008L,G08/G10,B09-B16,,152
15306133,"Jun 9, 2026, 2:45:00 PM","Jun 9, 2026, 2:45:00 PM",,CI 0722,B18052,77W,D,TPE,GOP,I,CI,C037,C36/C37,"J01, J01-J06",,204
15306400,"Jun 9, 2026, 2:45:00 PM","Jun 9, 2026, 2:45:00 PM",,CZ 3048,B205K,7M8,D,CAN,GCL,I,CZ,C021,C21/C23,J09-J14,,161
15307109,"Jun 9, 2026, 2:50:00 PM","Jun 9, 2026, 2:50:00 PM",,MH 2668,9MMXL,73H,D,SDK,GCL,D,MH,A005,-,B09-B16,,126
15307088,"Jun 9, 2026, 2:50:00 PM","Jun 9, 2026, 2:50:00 PM",,MH 2634,9MMLP,73H,D,LBU,GFC,D,MH,A011,-,B09-B16,,149
15307195,"Jun 9, 2026, 2:55:00 PM","Jun 9, 2026, 2:55:00 PM",,AK 6228,9MAQA,320,D,TGG,GOP,D,AK,J008,J08,"S08-S14,T08-T14",,137
15306874,"Jun 9, 2026, 2:55:00 PM","Jun 9, 2026, 2:55:00 PM",,FD 0309,HSABZ,320,D,HDY,GFC,I,FD,Q005,Q05,"U15,V15,W15,X15,Y15",,160
15306528,"Jun 9, 2026, 3:00:00 PM","Jun 9, 2026, 3:00:00 PM",,AK 0886,9MAJE,32A,D,DMK,GFC,I,AK,K009,L09,"U08-U11,V08-V11,W08-W11,X08-X11,Y11",,161
15307122,"Jun 9, 2026, 3:00:00 PM","Jun 9, 2026, 3:00:00 PM",,OD 2304,9MLCV,73H,D,KBR,FDL,D,OD,B006R,H04/H06,F01-F03,,135
15306534,"Jun 9, 2026, 3:00:00 PM","Jun 9, 2026, 3:00:00 PM",,AK 5748,9MAGM,32A,D,TWU,GFC,D,AK,J013,J13,"S08-S14,T08-T14",,157
15306526,"Jun 9, 2026, 3:00:00 PM","Jun 9, 2026, 3:00:00 PM",,AK 0822,9MAGG,32N,D,HKT,GFC,I,AK,K013,L13,"U08-U11,V08-V11,W08-W11,X08-X11,Y11",,132
15306513,"Jun 9, 2026, 3:00:00 PM","Jun 9, 2026, 3:00:00 PM",,UL 0315,4RANF,32Q,D,CMB,GFC,I,UL,C002,C02/C04,"M01-M06, M01-M04, M01-M05",,171
15306535,"Jun 9, 2026, 3:05:00 PM","Jun 9, 2026, 3:05:00 PM",,AK 6037,9MAHY,320,D,JHB,GOP,D,AK,J001,J01,"S08-S14,T08-T14",,151
15307254,"Jun 9, 2026, 3:05:00 PM","Jun 9, 2026, 3:05:00 PM",,MH 0782,9MMVB,7M8,D,BKK,GBD,I,MH,A004R,G04/G06,H01-H18,,149
15308594,"Jun 9, 2026, 3:10:00 PM","Jun 9, 2026, 3:10:00 PM",,OD 0807,9MLNC,73H,D,SIN,GOP,I,OD,B010L,H08/H10,"E02-E18,F01-F03",,141
15307175,"Jun 9, 2026, 3:10:00 PM","Jun 9, 2026, 3:10:00 PM",,AK 5133,9MAGI,32N,D,BKI,GBD,D,AK,J005,J05,"S08-S14,T08-T14",,173
15306962,"Jun 9, 2026, 3:10:00 PM","Jun 9, 2026, 3:10:00 PM",,MH 0853,9MMVQ,7M8,D,DPS,GBD,I,MH,B006R,H04/H06,H01-H18,,155
15308534,"Jun 9, 2026, 3:20:00 PM","Jun 9, 2026, 3:20:00 PM",,MU 5096,B32C7,32N,D,HGH,DCL,I,MU,C035,C35,A01-A06,,175
15306529,"Jun 9, 2026, 3:25:00 PM","Jun 9, 2026, 3:25:00 PM",,AK 5194,9MAQO,320,D,SDK,GOP,D,AK,J007,J07,"S08-S14,T08-T14",,146
15306806,"Jun 9, 2026, 3:25:00 PM","Jun 9, 2026, 3:25:00 PM",,MH 2544,9MMLQ,73H,D,KCH,GOP,D,MH,B005,-,B09-B16,,147
15306497,"Jun 9, 2026, 3:30:00 PM","Jun 9, 2026, 3:30:00 PM",,KT 0172,XU818,320,D,SAI,,I,KT,P003,P05,"U12,V12,W12,X12,Y12",,147
15306335,"Jun 9, 2026, 3:30:00 PM","Jun 9, 2026, 3:30:00 PM",,QZ 0323,PKAZG,32A,D,SUB,GOP,I,QZ,Q011,Q11,"U14,V14,W14,X14,Y14",,158
15306486,"Jun 9, 2026, 3:30:00 PM","Jun 9, 2026, 3:30:00 PM",,AK 6316,9MAJS,320,D,LGK,GOP,D,AK,J009,J09,"S08-S14,T08-T14",,143
15306278,"Jun 9, 2026, 3:30:00 PM","Jun 9, 2026, 3:30:00 PM",,BR 0228,B16715,77W,D,TPE,DCL,I,BR,C034,C32/C34,"C01-C04, C01-C06",,204
15306144,"Jun 9, 2026, 3:40:00 PM","Jun 9, 2026, 3:40:00 PM",,CZ 5032,B32N7,32Q,D,SZX,FDL,I,CZ,C023,C21/C23,J09-J14,,138
15306182,"Jun 9, 2026, 3:40:00 PM","Jun 9, 2026, 3:40:00 PM",,MU 0874,B30CX,32N,D,XIY,GOP,I,MU,C031,C31/C33,A01-A06,,314
15307147,"Jun 9, 2026, 3:40:00 PM","Jun 9, 2026, 3:40:00 PM",,AK 0429,9MRAG,32A,D,PKU,GOP,I,AK,K003,L03,"U08-U11,V08-V11,W08-W11,X08-X11,Y11",,105
15307093,"Jun 9, 2026, 3:40:00 PM","Jun 9, 2026, 3:40:00 PM",,MH 2640,9MMXM,73H,D,BKI,,D,MH,A008R,G08/G10,B09-B16,,146
15306946,"Jun 9, 2026, 3:45:00 PM","Jun 9, 2026, 3:45:00 PM",,MH 0875,9MMLR,73H,D,SUB,,I,MH,B008R,H08/H10,H01-H18,,111
15308586,"Jun 9, 2026, 3:45:00 PM","Jun 9, 2026, 3:45:00 PM",,OD 0528,9MLDT,73H,D,DMK,FRT,I,OD,A010L,G08/G10,"E02-E18,F01-F03",,153
15307145,"Jun 9, 2026, 3:50:00 PM","Jun 9, 2026, 3:50:00 PM",,AK 0405,9MAJA,32A,D,PDG,,I,AK,P009,P09,"U08-U11,V08-V11,W08-W11,X08-X11,Y11",,118
15306130,"Jun 9, 2026, 3:50:00 PM","Jun 9, 2026, 3:50:00 PM",,BS 0316,S2ALA,333,D,DAC,GOP,I,BS,C004,C02/C04,M09-M14,,119
15306779,"Jun 9, 2026, 3:50:00 PM","Jun 9, 2026, 3:50:00 PM",,MH 1446,9MMLK,73H,D,LGK,,D,MH,A007,-,B09-B16,,128
15306470,"Jun 9, 2026, 3:55:00 PM","Jun 9, 2026, 3:55:00 PM",,AK 0122,9MRAJ,32N,D,SZX,,I,AK,K007,L07,"U08-U11,V08-V11,W08-W11,X08-X11,Y11",,154
15307164,"Jun 9, 2026, 4:00:00 PM","Jun 9, 2026, 4:00:00 PM",,AK 0860,9MRAM,32N,D,KBV,,I,AK,Q017,Q17,"U08-U11,V08-V11,W08-W11,X08-X11,Y11",,148
15306154,"Jun 9, 2026, 4:00:00 PM","Jun 9, 2026, 4:00:00 PM",,FM 0886,B1111,789,D,PVG,GOP,I,FM,C022,C22/C24,"A01-A06, A01, A01-A05",,189
15306662,"Jun 9, 2026, 4:00:00 PM","Jun 9, 2026, 4:00:00 PM",,MH 0774,9MMLV,73H,D,BKK,,I,MH,B010R,H08/H10,H01-H18,,127
15307123,"Jun 9, 2026, 4:00:00 PM","Jun 9, 2026, 4:00:00 PM",,OD 2405,9MLNQ,73H,D,JHB,FRT,D,OD,B006L,H04/H06,F01-F03,,100
15307142,"Jun 9, 2026, 4:05:00 PM","Jun 9, 2026, 4:05:00 PM",,AK 0378,9MAJY,320,D,DPS,,I,AK,K011,L04,"U08-U11,V08-V11,W08-W11,X08-X11,Y11",,155
15306477,"Jun 9, 2026, 4:05:00 PM","Jun 9, 2026, 4:05:00 PM",,AK 0820,9MRAU,32N,D,HKT,,I,AK,P011,P11,"U08-U11,V08-V11,W08-W11,X08-X11,Y11",,150
15307194,"Jun 9, 2026, 4:10:00 PM","Jun 9, 2026, 4:10:00 PM",,AK 6218,9MAQB,320,D,TGG,,D,AK,K002,K02,"S08-S14,T08-T14",,158
15306648,"Jun 9, 2026, 4:10:00 PM","Jun 9, 2026, 4:10:00 PM",,MH 0723,9MMXV,73H,D,CGK,,I,MH,B004R,H04/H06,H01-H18,,126
15311396,"Jun 9, 2026, 4:15:00 PM","Jun 9, 2026, 4:15:00 PM",,QW 0908,B326M,32Q,D,TAO,DOP,I,QW,P001,P01,Z13-Z16,,166
15306490,"Jun 9, 2026, 4:15:00 PM","Jun 9, 2026, 4:15:00 PM",,AK 9134,9MAGE,32N,D,PEN,,D,AK,J022,J22,"S08-S14,T08-T14",,158
15307119,"Jun 9, 2026, 4:20:00 PM","Jun 9, 2026, 4:20:00 PM",,OD 2108,9MLDC,73H,D,PEN,,D,OD,A002L,G02,F01-F03,,141
15307173,"Jun 9, 2026, 4:30:00 PM","Jun 9, 2026, 4:30:00 PM",,AK 5112,9MRAC,32A,D,BKI,,D,AK,J003,J03,"S08-S14,T08-T14",,174
15307199,"Jun 9, 2026, 4:30:00 PM","Jun 9, 2026, 4:30:00 PM",,FY 2574,9MMLF,73H,D,TWU,,D,FY,B019,-,F12-F13,,157
15307028,"Jun 9, 2026, 4:30:00 PM","Jun 9, 2026, 4:30:00 PM",,MH 0762,9MMXW,73H,D,KTI,,I,MH,A004R,G04/G06,H01-H18,,152
15306499,"Jun 9, 2026, 4:30:00 PM","Jun 9, 2026, 4:30:00 PM",,OD 0177,9MLRV,7M8,D,MEL,FRT,I,OD,B012,G01,"E02-E18,F01-F03",,241
15306423,"Jun 9, 2026, 4:30:00 PM","Jun 9, 2026, 4:30:00 PM",,SQ 0115,9VMBU,7M8,D,SIN,,I,SQ,C015,C15,L01-L07,,141
15307134,"Jun 9, 2026, 4:35:00 PM","Jun 9, 2026, 4:35:00 PM",,AK 0116,9MVAE,32Q,D,CAN,,I,AK,K022R,L20,"U08-U11,V08-V11,W08-W11,X08-X11,Y11",,161
15307178,"Jun 9, 2026, 4:40:00 PM","Jun 9, 2026, 4:40:00 PM",,AK 5646,9MRAO,32A,D,MYY,,D,AK,K006,K06,"S08-S14,T08-T14",,169
15306531,"Jun 9, 2026, 4:40:00 PM","Jun 9, 2026, 4:40:00 PM",,AK 5212,9MRAT,320,D,KCH,,D,AK,K016,K12,"S08-S14,T08-T14",,170
15306959,"Jun 9, 2026, 4:40:00 PM","Jun 9, 2026, 4:40:00 PM",,AK 6432,9MAGS,32N,D,KBR,,D,AK,K022L,K22,"S08-S14,T08-T14",,158
15306475,"Jun 9, 2026, 4:45:00 PM","Jun 9, 2026, 4:45:00 PM",,AK 0717,9MVAH,32Q,D,SIN,,I,AK,K005,L05,"U08-U11,V08-V11,W08-W11,X08-X11,Y11",,141
15306733,"Jun 9, 2026, 4:45:00 PM","Jun 9, 2026, 4:45:00 PM",,MH 1336,9MFFF,73H,D,TGG,,D,MH,A005,-,B09-B16,,111
15306742,"Jun 9, 2026, 4:45:00 PM","Jun 9, 2026, 4:45:00 PM",,MH 1396,9MMLL,73H,D,KBR,,D,MH,B007,-,B09-B16,,130
15307146,"Jun 9, 2026, 4:50:00 PM","Jun 9, 2026, 4:50:00 PM",,AK 0421,9MAHZ,320,D,BTJ,,I,AK,P007,P07,"U08-U11,V08-V11,W08-W11,X08-X11,Y11",,160
15306506,"Jun 9, 2026, 4:55:00 PM","Jun 9, 2026, 4:55:00 PM",,OD 0392,9MLNC,73H,D,CGK,FDL,I,OD,C013,H04/H06,"E02-E18,F01-F03",,130
15306986,"Jun 9, 2026, 4:55:00 PM","Jun 9, 2026, 4:55:00 PM",,CZ 8012,B1175,7M8,D,CAN,DOP,I,CZ,C021,C21/C23,"J09-J12, J09-J14",,161
15306410,"Jun 9, 2026, 5:00:00 PM","Jun 9, 2026, 5:00:00 PM",,OD 7751,9MLFD,333,D,TAS,,I,OD,C017,C16/C17,"E02-E18,F01-F03",,169
15306319,"Jun 9, 2026, 5:00:00 PM","Jun 9, 2026, 5:00:00 PM",,OD 0135,9MLRD,7M8,D,KHI,,I,OD,B023,G01,"E02-E18,F01-F03",,109
15307169,"Jun 9, 2026, 5:00:00 PM","Jun 9, 2026, 5:00:00 PM",,AK 0892,9MAGU,32A,D,DMK,,I,AK,K003,L03,"U08-U11,V08-V11,W08-W11,X08-X11,Y11",,130
15306960,"Jun 9, 2026, 5:00:00 PM","Jun 9, 2026, 5:00:00 PM",,MH 0790,9MMXO,73H,D,HKT,,I,MH,B002R,G04/G06,H01-H18,,126
15306285,"Jun 9, 2026, 5:05:00 PM","Jun 9, 2026, 5:05:00 PM",,KL 0809,PHBHE,789,D,CGK,,I,KL,C002,C02/C04,G01-G06,,245
15306471,"Jun 9, 2026, 5:10:00 PM","Jun 9, 2026, 5:10:00 PM",,AK 0386,9MAQD,320,D,CGK,,I,AK,K004,L04,"U08-U11,V08-V11,W08-W11,X08-X11,Y11",,158
15306387,"Jun 9, 2026, 5:15:00 PM","Jun 9, 2026, 5:15:00 PM",,Z2 7115,RPC8946,320,D,CEB,FDL,I,Z2,Q005,Q05,"U16,V16,W16,X16,Y16",,111
15306523,"Jun 9, 2026, 5:25:00 PM","Jun 9, 2026, 5:25:00 PM",,AK 0393,9MRAH,32N,D,KNO,,I,AK,K018,L18,"U08-U11,V08-V11,W08-W11,X08-X11,Y11",,129
15306684,"Jun 9, 2026, 5:25:00 PM","Jun 9, 2026, 5:25:00 PM",,MH 0804,9MMXQ,73H,D,MNL,,I,MH,A010L,G08/G10,H01-H18,,114
15306958,"Jun 9, 2026, 5:30:00 PM","Jun 9, 2026, 5:30:00 PM",,AK 6130,9MAQH,320,D,PEN,,D,AK,J001,J01,"S08-S14,T08-T14",,159
15306416,"Jun 9, 2026, 5:35:00 PM","Jun 9, 2026, 5:35:00 PM",,OD 0131,9MLFC,333,D,LHE,,I,OD,C036,C36/C37,"E02-E18,F01-F03",,246
15306435,"Jun 9, 2026, 5:35:00 PM","Jun 9, 2026, 5:35:00 PM",,SV 0835,HZAR24,78X,D,JED,DOP,I,SV,C001,C01/C03,K13-K18,,250
15307185,"Jun 9, 2026, 5:35:00 PM","Jun 9, 2026, 5:35:00 PM",,AK 6014,9MAQQ,32A,D,AOR,,D,AK,K002,K02,"S08-S14,T08-T14",,157
15306320,"Jun 9, 2026, 5:35:00 PM","Jun 9, 2026, 5:35:00 PM",,OD 0608,9MLRK,7M8,D,KWE,,I,OD,C011,C31/C33,"E02-E18,F01-F03",,144
15307031,"Jun 9, 2026, 5:35:00 PM","Jun 9, 2026, 5:35:00 PM",,MH 0766,9MMVK,7M8,D,SGN,,I,MH,B010L,H08/H10,H01-H18,,140
15307052,"Jun 9, 2026, 5:35:00 PM","Jun 9, 2026, 5:35:00 PM",,MH 1152,9MMXC,73H,D,PEN,,D,MH,B005,-,B09-B16,,139
15307110,"Jun 9, 2026, 5:35:00 PM","Jun 9, 2026, 5:35:00 PM",,MH 2746,9MMXG,73H,D,BTU,,D,MH,A009,-,B09-B16,,142
15306165,"Jun 9, 2026, 5:40:00 PM","Jun 9, 2026, 5:40:00 PM",,IU 0193,PKSJQ,322,D,PKU,,I,IU,C006,C06,F06-F08,,131
15306140,"Jun 9, 2026, 5:40:00 PM","Jun 9, 2026, 5:40:00 PM",,CX 0724,BLAJ,333,D,HKG,,I,CX,C035,C35,G10-G15,,164
15306178,"Jun 9, 2026, 5:45:00 PM","Jun 9, 2026, 5:45:00 PM",,MF 0898,B20DW,7M8,D,FOC,,I,MF,C013,C11/C13,K09-K12,,137
15307247,"Jun 9, 2026, 5:45:00 PM","Jun 9, 2026, 5:45:00 PM",,MH 0780,9MMVR,7M8,D,BKK,,I,MH,A004L,G04/G06,H01-H18,,149
15306898,"Jun 9, 2026, 5:50:00 PM","Jun 9, 2026, 5:50:00 PM",,MH 0725,9MMLM,73H,D,CGK,,I,MH,A002R,G02,H01-H18,,130
15306368,"Jun 9, 2026, 5:50:00 PM","Jun 9, 2026, 5:50:00 PM",,OD 0171,9MLRW,7M8,D,SYD,,I,OD,A008L,G08/G10,"E02-E18,F01-F03",,144
15306926,"Jun 9, 2026, 5:55:00 PM","Jun 9, 2026, 5:55:00 PM",,AK 5220,9MAGT,32A,D,KCH,,D,AK,J005,J05,"S08-S14,T08-T14",,168
15306449,"Jun 9, 2026, 5:55:00 PM","Jun 9, 2026, 5:55:00 PM",,OD 0157,9MLRP,7M8,D,BNE,FDL,I,OD,C023,C21/C23,"E02-E18,F01-F03",,144
15306929,"Jun 9, 2026, 6:00:00 PM","Jun 9, 2026, 6:00:00 PM",,D7 0326,9MXXD,333,D,TFU,,I,D7,Q014,Q14,"U13,V13,W13,X13,Y13",,182
15306472,"Jun 9, 2026, 6:00:00 PM","Jun 9, 2026, 6:00:00 PM",,AK 0584,9MVAA,32Q,D,MNL,,I,AK,P009,P09,"U08-U11,V08-V11,W08-W11,X08-X11,Y11",,144
15306969,"Jun 9, 2026, 6:00:00 PM","Jun 9, 2026, 6:00:00 PM",,AK 6032,9MAQP,320,D,JHB,,D,AK,J008,J08,"S08-S14,T08-T14",,149
15306541,"Jun 9, 2026, 6:00:00 PM","Jun 9, 2026, 6:00:00 PM",,AK 6438,9MAQE,320,D,KBR,,D,AK,K006,J09,"S08-S14,T08-T14",,159
15306988,"Jun 9, 2026, 6:00:00 PM","Jun 9, 2026, 6:00:00 PM",,CZ 8302,B20D6,7M8,D,CAN,,I,CZ,C021,C21/C23,J09-J14,,161
15306502,"Jun 9, 2026, 6:05:00 PM","Jun 9, 2026, 6:05:00 PM",,OD 0205,9MLDF,73H,D,DEL,FDL,I,OD,A008R,G08/G10,"E02-E18,F01-F03",,177
15306448,"Jun 9, 2026, 6:05:00 PM","Jun 9, 2026, 6:05:00 PM",,AK 9575,9MAGN,32N,D,TWU,,D,AK,K016,K16,"S08-S14,T08-T14",,157
15306906,"Jun 9, 2026, 6:05:00 PM","Jun 9, 2026, 6:05:00 PM",,MH 1057,9MMXF,73H,D,JHB,,D,MH,A007,-,B09-B16,,134
15306336,"Jun 9, 2026, 6:10:00 PM","Jun 9, 2026, 6:10:00 PM",,OD 0182,9MLRU,7M8,D,KTM,,I,OD,B008L,H08/H10,"E02-E18,F01-F03",,144
15306174,"Jun 9, 2026, 6:15:00 PM","Jun 9, 2026, 6:15:00 PM",,KR 0782,,320,D,KTI,,I,KR,P003,P03,Z08-Z11,,163
15306124,"Jun 9, 2026, 6:25:00 PM","Jun 9, 2026, 6:25:00 PM",,9C 6524,B327Z,32N,D,PVG,,I,9C,P007,P07,Y07-Y10,,189
15307061,"Jun 9, 2026, 6:25:00 PM","Jun 9, 2026, 6:25:00 PM",,MH 1276,9MMSA,73H,D,KUA,,D,MH,A003,-,B09-B16,,152
15307068,"Jun 9, 2026, 6:25:00 PM","Jun 9, 2026, 6:25:00 PM",,MH 2528,9MMXH,73H,D,KCH,,D,MH,A011,-,B09-B16,,146
15306271,"Jun 9, 2026, 6:25:00 PM","Jun 9, 2026, 6:25:00 PM",,TR 0473,,32N,D,SIN,,I,TR,P001,P01,Z01-Z06,,141
15306538,"Jun 9, 2026, 6:30:00 PM","Jun 9, 2026, 6:30:00 PM",,AK 6322,9MAQG,320,D,LGK,,D,AK,J003,J03,"S08-S14,T08-T14",,157
15307140,"Jun 9, 2026, 6:35:00 PM","Jun 9, 2026, 6:35:00 PM",,AK 0374,9MRAA,32A,D,DPS,,I,AK,P013,L12,"U08-U11,V08-V11,W08-W11,X08-X11,Y11",,156
15306292,"Jun 9, 2026, 6:35:00 PM","Jun 9, 2026, 6:35:00 PM",,SQ 0121,,359,D,SIN,,I,SQ,C002,C12/C14,L01-L07,,141
15308604,"Jun 9, 2026, 6:40:00 PM","Jun 9, 2026, 6:40:00 PM",,OD 1636,9MLNM,73H,D,KCH,FRT,D,OD,B010R,H08/H10,F01-F03,,152
15306550,"Jun 9, 2026, 6:45:00 PM","Jun 9, 2026, 6:45:00 PM",,OD 0698,9MLNQ,73H,D,TPE,FDL,I,OD,A006L,C11/C13,"E02-E18,F01-F03",,130
15306614,"Jun 9, 2026, 6:50:00 PM","Jun 9, 2026, 6:50:00 PM",,MH 0190,9MMTM,333,D,DEL,,I,MH,C016,C16/C17,H01-H18,,229
15306476,"Jun 9, 2026, 6:50:00 PM","Jun 9, 2026, 6:50:00 PM",,AK 0719,9MAJS,320,D,SIN,,I,AK,K006,K06,"U08-U11,V08-V11,W08-W11,X08-X11,Y11",,141
15306436,"Jun 9, 2026, 6:50:00 PM","Jun 9, 2026, 6:50:00 PM",,D7 0342,9MXXE,333,D,PKX,,I,D7,Q012,Q12,"U13,V13,W13,X13,Y13",,292
15307209,"Jun 9, 2026, 6:50:00 PM","Jun 9, 2026, 6:50:00 PM",,MH 0106,9MMVC,7M8,D,AMD,,I,MH,B004L,H08/H10,H01-H18,,144
15306566,"Jun 9, 2026, 6:50:00 PM","Jun 9, 2026, 6:50:00 PM",,MH 0118,9MMVO,7M8,D,ATQ,,I,MH,A010R,H04/H06,H01-H18,,157
15307174,"Jun 9, 2026, 7:00:00 PM","Jun 9, 2026, 7:00:00 PM",,AK 5130,9MRAG,32A,D,BKI,,D,AK,K022L,K22,"S08-S14,T08-T14",,173
15306619,"Jun 9, 2026, 7:00:00 PM","Jun 9, 2026, 7:00:00 PM",,MH 0526,9MMVM,7M8,D,TFU,,I,MH,B006L,H04/H06,H01-H18,,182
15306520,"Jun 9, 2026, 7:00:00 PM","Jun 9, 2026, 7:00:00 PM",,AK 0353,9MAGG,32N,D,CGK,,I,AK,K003,L03,"U08-U11,V08-V11,W08-W11,X08-X11,Y11",,130
15306440,"Jun 9, 2026, 7:05:00 PM","Jun 9, 2026, 7:05:00 PM",,D7 0346,9MXBF,333,D,XIY,,I,D7,Q008,Q08,"U13,V13,W13,X13,Y13",,314
15307003,"Jun 9, 2026, 7:10:00 PM","Jun 9, 2026, 7:10:00 PM",,MH 0607,9MMXU,73H,D,SIN,,I,MH,B002L,H02,H01-H18,,102
15306875,"Jun 9, 2026, 7:15:00 PM","Jun 9, 2026, 7:15:00 PM",,MH 0114,9MMVA,7M8,D,KTM,,I,MH,A002R,G08/G10,H01-H18,,101
15306269,"Jun 9, 2026, 7:15:00 PM","Jun 9, 2026, 7:15:00 PM",,TR 0469,,789,D,SIN,,I,TR,P006,P06,Z01-Z06,,141
15308615,"Jun 9, 2026, 7:25:00 PM","Jun 9, 2026, 7:25:00 PM",,8M 0504,XYALP,E90,D,RGN,,I,8M,B023,G01,"A14,M09-M10, A10-A14",,79
15306967,"Jun 9, 2026, 7:25:00 PM","Jun 9, 2026, 7:25:00 PM",,AK 0721,9MAQZ,32A,D,SIN,,I,AK,Q009,Q09,"U08-U11,V08-V11,W08-W11,X08-X11,Y11",,147
15306273,"Jun 9, 2026, 7:25:00 PM","Jun 9, 2026, 7:25:00 PM",,VN 0678,,321,D,SGN,,I,VN,C033,C31/C33,J01-J06,,140
15307211,"Jun 9, 2026, 7:30:00 PM","Jun 9, 2026, 7:30:00 PM",,MH 0127,9MMTY,332,D,PER,,I,MH,C004,C02/C04,H01-H18,,230
15306715,"Jun 9, 2026, 7:30:00 PM","Jun 9, 2026, 7:30:00 PM",,MH 1162,9MMLK,73H,D,PEN,,D,MH,B007,-,B09-B16,,139
15306331,"Jun 9, 2026, 7:30:00 PM","Jun 9, 2026, 7:30:00 PM",,OD 0805,9MLCW,73H,D,SIN,FDL,I,OD,A004R,G04/G06,"E02-E18,F01-F03",,131
15307190,"Jun 9, 2026, 7:35:00 PM","Jun 9, 2026, 7:35:00 PM",,AK 6128,9MDAE,320,D,PEN,,D,AK,K002,K02,"S08-S14,T08-T14",,154
15306616,"Jun 9, 2026, 7:35:00 PM","Jun 9, 2026, 7:35:00 PM",,MH 0194,9MMTA,333,D,BOM,,I,MH,C012,C22/C24,H01-H18,,200
15307000,"Jun 9, 2026, 7:35:00 PM","Jun 9, 2026, 7:35:00 PM",,MH 0386,9MMXE,73H,D,PVG,,I,MH,B004R,H04/H06,H01-H18,,128
15306365,"Jun 9, 2026, 7:40:00 PM","Jun 9, 2026, 7:40:00 PM",,AK 0524,9MAGE,32N,D,SGN,,I,AK,K004,L04,"U08-U11,V08-V11,W08-W11,X08-X11,Y11",,150
15307170,"Jun 9, 2026, 7:40:00 PM","Jun 9, 2026, 7:40:00 PM",,AK 0896,9MAJA,32A,D,DMK,,I,AK,P011,P11,"U08-U11,V08-V11,W08-W11,X08-X11,Y11",,155
15306348,"Jun 9, 2026, 7:40:00 PM","Jun 9, 2026, 7:40:00 PM",,QR 0853,A7BET,77W,D,DOH,,I,QR,C034,C32/C34,K01-K07,,269
15306396,"Jun 9, 2026, 7:45:00 PM","Jun 9, 2026, 7:45:00 PM",,OD 1006,9MLCV,73H,D,BKI,FDL,D,OD,B007,-,F01-F03,,142
15306276,"Jun 9, 2026, 7:45:00 PM","Jun 9, 2026, 7:45:00 PM",,ZH 0330,,320,D,SZX,,I,ZH,C006,C06,K15-K18,,138
15306995,"Jun 9, 2026, 7:50:00 PM","Jun 9, 2026, 7:50:00 PM",,MH 0078,9MMXS,73H,D,HKG,,I,MH,A002L,G02,H01-H18,,132
15306554,"Jun 9, 2026, 7:55:00 PM","Jun 9, 2026, 7:55:00 PM",,QZ 0131,PKAZI,320,D,KNO,,I,QZ,Q011,Q11,"U14,V14,W14,X14,Y14",,145
15306498,"Jun 9, 2026, 7:55:00 PM","Jun 9, 2026, 7:55:00 PM",,OD 0166,9MLRS,7M8,D,DAC,FDL,I,OD,C006,C11/C13,"E02-E18,F01-F03",,129
15307115,"Jun 9, 2026, 7:55:00 PM","Jun 9, 2026, 7:55:00 PM",,OD 0215,9MLDH,73H,D,BOM,FDL,I,OD,B006R,H04/H06,"E02-E18,F01-F03",,163
15306870,"Jun 9, 2026, 8:00:00 PM","Jun 9, 2026, 8:00:00 PM",,AK 5234,9MAGS,32N,D,KCH,,D,AK,J001,J01,"S08-S14,T08-T14",,172
15306274,"Jun 9, 2026, 8:00:00 PM","Jun 9, 2026, 8:00:00 PM",,VN 0680,,321,D,HAN,,I,VN,C031,C31/C33,J01-J06,,150
15306439,"Jun 9, 2026, 8:00:00 PM","Jun 9, 2026, 8:00:00 PM",,D7 0808,9MXXW,333,D,CKG,,I,D7,Q006,Q06,"U13,V13,W13,X13,Y13",,138
15306886,"Jun 9, 2026, 8:00:00 PM","Jun 9, 2026, 8:00:00 PM",,MH 0251,9MMNL,339,D,SYD,,I,MH,C027,C26/C27,H01-H18,,253
15306197,"Jun 9, 2026, 8:10:00 PM","Jun 9, 2026, 8:10:00 PM",,OD 0223,9MLNP,73H,D,TRZ,FDL,I,OD,B010R,H08/H10,"E02-E18,F01-F03",,148
15306828,"Jun 9, 2026, 8:10:00 PM","Jun 9, 2026, 8:10:00 PM",,MH 2606,9MMXN,73H,D,BKI,,D,MH,B008L,H08/H10,B09-B16,,154
15306955,"Jun 9, 2026, 8:15:00 PM","Jun 9, 2026, 8:15:00 PM",,AK 0118,9MVAF,32Q,D,CAN,,I,AK,Q015,Q15,"U08-U11,V08-V11,W08-W11,X08-X11,Y11",,161
15306479,"Jun 9, 2026, 8:15:00 PM","Jun 9, 2026, 8:15:00 PM",,AK 6038,9MRAU,32N,D,JHB,,D,AK,K006,K06,"S08-S14,T08-T14",,154
15307128,"Jun 9, 2026, 8:25:00 PM","Jun 9, 2026, 8:25:00 PM",,AK 0039,9MAJD,32A,D,COK,,I,AK,P017,P17,"U08-U11,V08-V11,W08-W11,X08-X11,Y11",,156
15306600,"Jun 9, 2026, 8:30:00 PM","Jun 9, 2026, 8:30:00 PM",,MH 0147,9MMNG,339,D,MEL,,I,MH,C037,C36/C37,H01-H18,,241
15306121,"Jun 9, 2026, 8:35:00 PM","Jun 9, 2026, 8:35:00 PM",,8B 0680,,321,D,CGK,,I,8B,C033,C31/C33,L10-L13,,130
15306503,"Jun 9, 2026, 8:35:00 PM","Jun 9, 2026, 8:35:00 PM",,OD 0326,9MLCW,73H,D,KNO,FDL,I,OD,A004L,G04/G06,"E02-E18,F01-F03",,133
15307127,"Jun 9, 2026, 8:35:00 PM","Jun 9, 2026, 8:35:00 PM",,AK 0023,9MAGO,32N,D,TRZ,,I,AK,K008,Q07,"U08-U11,V08-V11,W08-W11,X08-X11,Y11",,149
15306198,"Jun 9, 2026, 8:40:00 PM","Jun 9, 2026, 8:40:00 PM",,OD 0241,9MLDD,738,D,BLR,FDL,I,OD,A008R,H08/H10,"E02-E18,F01-F03",,134
15306878,"Jun 9, 2026, 8:40:00 PM","Jun 9, 2026, 8:40:00 PM",,MH 0135,9MMTE,333,D,BNE,,I,MH,C035,C35,H01-H18,,260
15306234,"Jun 9, 2026, 8:40:00 PM","Jun 9, 2026, 8:40:00 PM",,SQ 0125,,359,D,SIN,,I,SQ,C016,C16/C17,L01-L07,,141
15306954,"Jun 9, 2026, 8:45:00 PM","Jun 9, 2026, 8:45:00 PM",,AK 0063,9MAJE,32A,D,CCU,,I,AK,Q007,Q07,"U08-U11,V08-V11,W08-W11,X08-X11,Y11",,157
15307129,"Jun 9, 2026, 8:55:00 PM","Jun 9, 2026, 8:55:00 PM",,AK 0047,9MAHV,320,D,CMB,,I,AK,P009,P09,"U08-U11,V08-V11,W08-W11,X08-X11,Y11",,133
15306254,"Jun 9, 2026, 8:55:00 PM","Jun 9, 2026, 8:55:00 PM",,TG 0418,,789,D,BKK,,I,TG,C004,C02/C04,K09-K14,,149
15306496,"Jun 9, 2026, 9:00:00 PM","Jun 9, 2026, 9:00:00 PM",,KT 0168,XU818,320,D,KTI,,I,KT,P001,P01,"U12,V12,W12,X12,Y12",,144
15306383,"Jun 9, 2026, 9:05:00 PM","Jun 9, 2026, 9:05:00 PM",,HU 0756,,7M8,D,HAK,,I,HU,P007,P07,Z13-Z16,,148
15307191,"Jun 9, 2026, 9:10:00 PM","Jun 9, 2026, 9:10:00 PM",,AK 6132,9MAQM,320,D,PEN,,D,AK,J003,J03,"S08-S14,T08-T14",,160
15306591,"Jun 9, 2026, 9:10:00 PM","Jun 9, 2026, 9:10:00 PM",,MH 0145,9MMNH,339,D,AKL,,I,MH,C026,C26/C27,H01-H18,,251
15306128,"Jun 9, 2026, 9:15:00 PM","Jun 9, 2026, 9:15:00 PM",,BI 0874,,32N,D,BWN,,I,BI,C023,C21/C23,"C01-C04, C01",,135
15306797,"Jun 9, 2026, 9:15:00 PM","Jun 9, 2026, 9:15:00 PM",,MH 2532,9MMSB,73H,D,KCH,,D,MH,A009,-,B09-B16,,132
15306453,"Jun 9, 2026, 9:20:00 PM","Jun 9, 2026, 9:20:00 PM",,OD 2106,9MLNZ,73H,D,PEN,,D,OD,B011,G01,F01-F03,,141
15306469,"Jun 9, 2026, 9:25:00 PM","Jun 9, 2026, 9:25:00 PM",,AK 0069,9MAJT,32A,D,HYD,,I,AK,K001,L01,"U08-U11,V08-V11,W08-W11,X08-X11,Y11",,140
15306456,"Jun 9, 2026, 9:25:00 PM","Jun 9, 2026, 9:25:00 PM",,WY 0824,A4OMD,7M8,D,MCT,,I,WY,C022,C22/C24,M01-M06,,164
15306923,"Jun 9, 2026, 9:30:00 PM","Jun 9, 2026, 9:30:00 PM",,OD 0672,9MLNY,73H,D,TFU,,I,OD,A008R,G08/G10,"E02-E18,F01-F03",,130
15306613,"Jun 9, 2026, 9:30:00 PM","Jun 9, 2026, 9:30:00 PM",,MH 0180,9MMVN,7M8,D,MAA,,I,MH,B004R,H04/H06,H01-H18,,146
15306617,"Jun 9, 2026, 9:30:00 PM","Jun 9, 2026, 9:30:00 PM",,MH 0198,9MMVB,7M8,D,HYD,,I,MH,C021,G08/G10,H01-H18,,140
15307132,"Jun 9, 2026, 9:40:00 PM","Jun 9, 2026, 9:40:00 PM",,AK 0103,9MAGH,32N,D,KMG,,I,AK,K016,K16,"U08-U11,V08-V11,W08-W11,X08-X11,Y11",,170
15306468,"Jun 9, 2026, 9:45:00 PM","Jun 9, 2026, 9:45:00 PM",,AK 0013,9MRAL,32N,D,MAA,,I,AK,P003,P03,"U08-U11,V08-V11,W08-W11,X08-X11,Y11",,163
15307036,"Jun 9, 2026, 9:45:00 PM","Jun 9, 2026, 9:45:00 PM",,MH 0796,9MMXK,73H,D,BKK,,I,MH,B008L,H08/H10,H01-H18,,137
15306118,"Jun 9, 2026, 9:55:00 PM","Jun 9, 2026, 9:55:00 PM",,6E 1038,,32N,D,BLR,,I,6E,B023,G01,C09-C12,,143
15306512,"Jun 9, 2026, 9:55:00 PM","Jun 9, 2026, 9:55:00 PM",,QZ 0327,PKAZL,320,D,SUB,,I,QZ,Q007,Q07,"U14,V14,W14,X14,Y14",,157
15306148,"Jun 9, 2026, 9:55:00 PM","Jun 9, 2026, 9:55:00 PM",,EY 0487,,78X,D,AUH,,I,EY,C002,C02/C04,A01-A06,,283
15308606,"Jun 9, 2026, 9:55:00 PM","Jun 9, 2026, 9:55:00 PM",,OD 0396A,9MLDT,73H,D,CGK,FRT,I,OD,C031,G08/G10,"E02-E18,F01-F03",,130
15307220,"Jun 9, 2026, 10:00:00 PM","Jun 9, 2026, 10:00:00 PM",,MH 0179,9MMXR,73H,D,CMB,,I,MH,A002R,G02,H01-H18,,130
15306565,"Jun 9, 2026, 10:00:00 PM","Jun 9, 2026, 10:00:00 PM",,MH 0108,9MMVH,7M8,D,COK,,I,MH,A004L,G04/G06,H01-H18,,140
15306615,"Jun 9, 2026, 10:00:00 PM","Jun 9, 2026, 10:00:00 PM",,MH 0192,9MMVF,7M8,D,BLR,,I,MH,A006R,G04/G06,H01-H18,,143
15307086,"Jun 9, 2026, 10:00:00 PM","Jun 9, 2026, 10:00:00 PM",,MH 2626,9MMSA,73H,D,BKI,,D,MH,A007,-,B09-B16,,143
15306243,"Jun 9, 2026, 10:00:00 PM","Jun 9, 2026, 10:00:00 PM",,SQ 0127,,7M8,D,SIN,,I,SQ,C011,C11/C13,L01-L07,,141
15306956,"Jun 9, 2026, 10:05:00 PM","Jun 9, 2026, 10:05:00 PM",,AK 0128,9MAGM,32A,D,SZX,,I,AK,K008,K08,"U08-U11,V08-V11,W08-W11,X08-X11,Y11",,144
15306935,"Jun 9, 2026, 10:05:00 PM","Jun 9, 2026, 10:05:00 PM",,MH 0184,9MMXY,73H,D,CCU,,I,MH,B010R,H08/H10,H01-H18,,140
15306548,"Jun 9, 2026, 10:20:00 PM","Jun 9, 2026, 10:20:00 PM",,OD 0162,9MLRQ,7M8,D,DAC,FDL,I,OD,A010R,G08/G10,"E02-E18,F01-F03",,102
15306587,"Jun 9, 2026, 10:25:00 PM","Jun 9, 2026, 10:25:00 PM",,MH 0139,9MMNM,339,D,ADL,,I,MH,C012,C12/C14,H01-H18,,233
15306603,"Jun 9, 2026, 10:25:00 PM","Jun 9, 2026, 10:25:00 PM",,MH 0149,9MMNI,339,D,MEL,,I,MH,C001,C01/C03,H01-H18,,241
15306268,"Jun 9, 2026, 10:45:00 PM","Jun 9, 2026, 10:45:00 PM",,TR 0467,,789,D,SIN,,I,TR,P006,P06,Z01-Z06,,141
15306125,"Jun 9, 2026, 10:50:00 PM","Jun 9, 2026, 10:50:00 PM",,BA 0034,GZBKA,789,D,LHR,,I,BA,C003,C01/C03,G12-G15,,246
15306402,"Jun 9, 2026, 10:50:00 PM","Jun 9, 2026, 10:50:00 PM",,JL 0724,JA843J,788,D,NRT,,I,JL,C036,C32/C34,J09-J15,,182
15306885,"Jun 9, 2026, 11:00:00 PM","Jun 9, 2026, 11:00:00 PM",,MH 0196,9MMVJ,7M8,D,DAC,,I,MH,C033,C31/C33,"H01-H18, M11-M14",,119
15306338,"Jun 9, 2026, 11:00:00 PM","Jun 9, 2026, 11:00:00 PM",,OD 0860,9MLRG,7M8,D,KIX,,I,OD,B021,G01,"E02-E18,F01-F03",,144
15306936,"Jun 9, 2026, 11:00:00 PM","Jun 9, 2026, 11:00:00 PM",,MH 0204,9MMVE,7M8,D,TRV,,I,MH,C013,C11/C13,H01-H18,,137
15306990,"Jun 9, 2026, 11:05:00 PM","Jun 9, 2026, 11:05:00 PM",,D7 0332,9MXXJ,333,D,PVG,,I,D7,P012,P12,"U13,V13,W13,X13,Y13",,309
15306620,"Jun 9, 2026, 11:05:00 PM","Jun 9, 2026, 11:05:00 PM",,MH 0609,9MMXW,73H,D,SIN,,I,MH,A004R,G04/G06,H01-H18,,152
15306411,"Jun 9, 2026, 11:15:00 PM","Jun 9, 2026, 11:15:00 PM",,ET 0639,ETAWN,359,D,ADD,,I,ET,C015,C15,K01-K06,,48
15306166,"Jun 9, 2026, 11:20:00 PM","Jun 9, 2026, 11:20:00 PM",,KE 0428,,333,D,ICN,,I,KE,C035,C35,K13-K18,,224
15306263,"Jun 9, 2026, 11:25:00 PM","Jun 9, 2026, 11:25:00 PM",,TK 0061,TCLGZ,359,D,IST,,I,TK,C014,C12/C14,"J01-J04, J01-J08",,297
15306559,"Jun 9, 2026, 11:30:00 PM","Jun 9, 2026, 11:30:00 PM",,MH 0002,9MMAG,359,D,LHR,,I,MH,C032,C32/C34,H01-H18,,244
15306991,"Jun 9, 2026, 11:30:00 PM","Jun 9, 2026, 11:30:00 PM",,MH 0066,9MMTF,333,D,ICN,,I,MH,C025,C25,H01-H18,,171
15306930,"Jun 9, 2026, 11:30:00 PM","Jun 9, 2026, 11:30:00 PM",,MH 0088,9MMTI,333,D,NRT,,I,MH,C026,C26/C27,H01-H18,,216
15306724,"Jun 9, 2026, 11:35:00 PM","Jun 9, 2026, 11:35:00 PM",,MH 1194,9MMXM,73H,D,PEN,,D,MH,B005,-,B09-B16,,119
15306563,"Jun 9, 2026, 11:40:00 PM","Jun 9, 2026, 11:40:00 PM",,MH 0020,9MMAD,359,D,CDG,,I,MH,C016,C16/C17,H01-H18,,229
15306937,"Jun 9, 2026, 11:40:00 PM","Jun 9, 2026, 11:40:00 PM",,MH 0318,9MMTW,332,D,PKX,,I,MH,C024,C22/C24,H01-H18,,118
15306568,"Jun 9, 2026, 11:45:00 PM","Jun 9, 2026, 11:45:00 PM",,MH 0123,9MMNN,339,D,SYD,,I,MH,C034,C32/C34,H01-H18,,253
15306169,"Jun 9, 2026, 11:55:00 PM","Jun 9, 2026, 11:55:00 PM",,KL 0810,PHBHE,789,D,AMS,,I,KL,C002,C02/C04,G01-G06,,273